[{"rownum": 1, "storeName": "广州", "addressDetail": "广州路104号", "pro": "礼品卡", "provinceName": "江苏省", "cityName": "南京市"}, {"rownum": 2, "storeName": "购书中心", "addressDetail": "天河路123号广州购书中心负一层", "pro": "礼品卡", "provinceName": "广东省", "cityName": "广州市"}, {"rownum": 3, "storeName": "南站二", "addressDetail": "广州南站二店肯德基", "pro": "礼品卡", "provinceName": "广东省", "cityName": "广州市"}, {"rownum": 4, "storeName": "大学城", "addressDetail": "小谷围广州大学城广州大学生活区商业中心首层A1028及二层A2009", "pro": "礼品卡", "provinceName": "广东省", "cityName": "广州市"}, {"rownum": 5, "storeName": "车站", "addressDetail": "环西路159号广州火车站内首层候车室大厅右侧", "pro": "礼品卡", "provinceName": "广东省", "cityName": "广州市"}, {"rownum": 6, "storeName": "佳润", "addressDetail": "广州大道北1419号佳润广场首层", "pro": "礼品卡", "provinceName": "广东省", "cityName": "广州市"}, {"rownum": 7, "storeName": "太阳城", "addressDetail": "广州大道北嘉裕太阳城广场2-59号铺首层和二层", "pro": "礼品卡", "provinceName": "广东省", "cityName": "广州市"}, {"rownum": 8, "storeName": "南站三", "addressDetail": "广州南站一楼到达层餐厅", "pro": "礼品卡", "provinceName": "广东省", "cityName": "广州市"}, {"rownum": 9, "storeName": "万达广场", "addressDetail": "云城东路509号广州白云万达商业广场101铺", "pro": "礼品卡", "provinceName": "广东省", "cityName": "广州市"}, {"rownum": 10, "storeName": "广州南站肯德基", "addressDetail": "广州南站肯德基一店", "pro": "礼品卡", "provinceName": "广东省", "cityName": "广州市"}]