rownum,storeName,addressDetail,pro,provinceName,cityName
1,化州餐厅,桔城中路39号,,广东省,茂名市
rownum,storeName,addressDetail,pro,provinceName,cityName
1,广州,广州路104号,礼品卡,江苏省,南京市
2,购书中心,天河路123号广州购书中心负一层,礼品卡,广东省,广州市
3,南站二,广州南站二店肯德基,礼品卡,广东省,广州市
4,大学城,小谷围广州大学城广州大学生活区商业中心首层A1028及二层A2009,礼品卡,广东省,广州市
5,车站,环西路159号广州火车站内首层候车室大厅右侧,礼品卡,广东省,广州市
6,佳润,广州大道北1419号佳润广场首层,礼品卡,广东省,广州市
7,太阳城,广州大道北嘉裕太阳城广场2-59号铺首层和二层,礼品卡,广东省,广州市
8,南站三,广州南站一楼到达层餐厅,礼品卡,广东省,广州市
9,万达广场,云城东路509号广州白云万达商业广场101铺,礼品卡,广东省,广州市
10,广州南站肯德基,广州南站肯德基一店,礼品卡,广东省,广州市
rownum,storeName,addressDetail,pro,provinceName,cityName
1,茂名,双山三路99号富丽广场首层,礼品卡,广东省,茂名市
2,茂名官渡,光华北路368号城市绿洲（一加一超市）首层肯德基,礼品卡,广东省,茂名市
3,茂名信宜餐厅,信宜市人民路4路福华大厦一层,,广东省,茂名市
4,新茂名,茂名北路328号101-1,,上海市,上海市
5,茂名东汇城,油城十路及茂名大道交汇处茂名东汇城首层,,广东省,茂名市
6,茂名华侨城,光华南路128号大院华侨城广场首层,,广东省,茂名市
rownum,storeName,addressDetail,pro,provinceName,cityName
1,衡阳湘江东,广东、临江路口喜富来购物广场一层、二层,礼品卡,湖南省,衡阳市
2,北海万达,广东路以东、杭州路以北的万达广场内的【1050、2038】号商铺,,广西,北海市
3,万科广东路餐厅,广东路60号1F-21号商铺,,天津市,天津市
rownum,storeName,addressDetail,pro,provinceName,cityName
1,衡阳湘江东,广东、临江路口喜富来购物广场一层、二层,礼品卡,湖南省,衡阳市
2,北海万达,广东路以东、杭州路以北的万达广场内的【1050、2038】号商铺,,广西,北海市
3,万科广东路餐厅,广东路60号1F-21号商铺,,天津市,天津市
rownum,storeName,addressDetail,pro,provinceName,cityName
1,衡阳湘江东,广东、临江路口喜富来购物广场一层、二层,礼品卡,湖南省,衡阳市
2,北海万达,广东路以东、杭州路以北的万达广场内的【1050、2038】号商铺,,广西,北海市
3,万科广东路餐厅,广东路60号1F-21号商铺,,天津市,天津市
rownum,storeName,addressDetail,pro,provinceName,cityName
1,育慧里,小营东路3号北京凯基伦购物中心一层西侧,礼品卡,北京市,北京市
"
","
"
2,京通新城,朝阳路杨闸环岛西北京通苑30号楼一层南侧,礼品卡,北京市,北京市
"
","
"
3,黄寺大街,黄寺大街15号北京城乡黄寺商厦,礼品卡,北京市,北京市
"
","
"
4,四季青桥,西四环北路117号北京欧尚超市F1、B1,礼品卡,北京市,北京市
"
","
"
5,亦庄,北京经济开发区西环北路18号F1＋F2,礼品卡,北京市,北京市
"
","
"
6,石园南大街,通顺路石园西区南侧北京顺义西单商场石园分店一层、二层部分,礼品卡,北京市,北京市
"
","
"
7,北京南站,北京南站候车大厅B岛201号,礼品卡,北京市,北京市
"
","
"
8,北清路,北京北清路1号146区,礼品卡,北京市,北京市
"
","
"
9,大红门新世纪肯德基餐厅,海户屯北京新世纪服装商贸城一层南侧,礼品卡,北京市,北京市
"
","
"
10,巴沟,巴沟路2号北京华联万柳购物中心一层,礼品卡,北京市,北京市
"
","
"
rownum,storeName,addressDetail,pro,provinceName,cityName
1,育慧里,小营东路3号北京凯基伦购物中心一层西侧,礼品卡,北京市,北京市
"
","
"
2,京通新城,朝阳路杨闸环岛西北京通苑30号楼一层南侧,礼品卡,北京市,北京市
"
","
"
3,黄寺大街,黄寺大街15号北京城乡黄寺商厦,礼品卡,北京市,北京市
"
","
"
4,四季青桥,西四环北路117号北京欧尚超市F1、B1,礼品卡,北京市,北京市
"
","
"
5,亦庄,北京经济开发区西环北路18号F1＋F2,礼品卡,北京市,北京市
"
","
"
6,石园南大街,通顺路石园西区南侧北京顺义西单商场石园分店一层、二层部分,礼品卡,北京市,北京市
"
","
"
7,北京南站,北京南站候车大厅B岛201号,礼品卡,北京市,北京市
"
","
"
8,北清路,北京北清路1号146区,礼品卡,北京市,北京市
"
","
"
9,大红门新世纪肯德基餐厅,海户屯北京新世纪服装商贸城一层南侧,礼品卡,北京市,北京市
"
","
"
10,巴沟,巴沟路2号北京华联万柳购物中心一层,礼品卡,北京市,北京市
"
","
"
rownum,storeName,addressDetail,pro,provinceName,cityName
1,维多利亚,广西路63号维多利亚广场一层,礼品卡,山东省,青岛市
rownum,storeName,addressDetail,pro,provinceName,cityName
1,如皋益寿路,中山西路1号正翔广场1楼,礼品卡,江苏省,南通市
2,椒江红旗,中山西路297号,礼品卡,浙江省,台州市
3,镇江车站,中山西路火车站广场东侧综合楼,礼品卡,江苏省,镇江市
4,丽华,中山西路87号,礼品卡,河北省,石家庄市
5,百盛,中山西路212号,礼品卡,内蒙古,呼和浩特市
6,八一,中山西路141号新百广场对过世纪大饭店底商,礼品卡,河北省,石家庄市
7,芜湖欧尚,天门山西路与银湖中路交叉口欧尚超市内,礼品卡,安徽省,芜湖市
8,山西路,中山北路107号1-2层(山西路百货大楼),礼品卡,江苏省,南京市
9,科贸街,鞍山西道与南丰路交口时代数码广场一层,礼品卡,天津市,天津市
10,海亮,中山西路海亮广场地下负一层,礼品卡,内蒙古,呼和浩特市
rownum,storeName,addressDetail,pro,provinceName,cityName
1,衡阳湘江东,广东、临江路口喜富来购物广场一层、二层,礼品卡,湖南省,衡阳市
2,北海万达,广东路以东、杭州路以北的万达广场内的【1050、2038】号商铺,,广西,北海市
3,万科广东路餐厅,广东路60号1F-21号商铺,,天津市,天津市
rownum,storeName,addressDetail,pro,provinceName,cityName
1,维多利亚,广西路63号维多利亚广场一层,礼品卡,山东省,青岛市
rownum,storeName,addressDetail,pro,provinceName,cityName
1,开发区上海路,开发区上海路80号利群时代超市一楼,礼品卡,江苏省,南通市
2,太仓新区东亭路,太仓市娄江路与县府街交叉口西南侧（太仓新区上海路北、东亭路东地块）万达广场,礼品卡,江苏省,苏州市
3,动力南广场（汇金奥特莱斯B1层）,石龙路750-3号上海南站地下商场南馆,礼品卡,上海市,上海市
4,南广场,秣陵路303号上海火车站西南出口一侧,礼品卡,上海市,上海市
5,北广场,秣陵路303号上海站北广场北立面1F大厅入口西侧位置,,上海市,上海市
6,南站精选（火车站站内）,沪闵路9001号上海南站候车大厅,礼品卡,上海市,上海市
7,上海滩,佘山林湖路888号-1上海滩区5号,礼品卡,上海市,上海市
8,动力南精选（3号线2号出口）,沪闵路9001号上海南站（1F三角地A-1）一层,礼品卡,上海市,上海市
9,上海南路,青山湖区上海路3号,礼品卡,江西省,南昌市
10,亦庄上海沙龙,经济技术开发区天宝园五里二区A1+A2户一层,礼品卡,北京市,北京市
rownum,storeName,addressDetail,pro,provinceName,cityName
1,天津八里台,卫津南路109号八里台新文化广场1层,礼品卡,天津市,天津市
2,劝业场肯德基餐厅,天津劝业场底商，大铜钱旁,礼品卡,天津市,天津市
3,天津肯德基有限公司时代餐厅,新世纪步行街新华路161号,礼品卡,河北省,廊坊市
4,天津站  ,天津站南站房D区二层1号检票口旁,礼品卡,天津市,天津市
5,新围堤道,南北大街1号嘉贸购物中心·天津湾,礼品卡,天津市,天津市
6,天津街,天津街1088号,礼品卡,吉林省,吉林市
7,永旺,经济技术开发区泰达大街与东海路交叉口永旺梦乐城天津泰达购物中心,礼品卡,天津市,天津市
8,天津站副广场,南4出站口地下肯德基(靠近海河）,礼品卡,天津市,天津市
9,西站高架层,天津西火车站B6-B7检票口正对面楼上,礼品卡,天津市,天津市
10,曹庄,中北永旺梦乐城天津中北购物中心一层NO.179,礼品卡,天津市,天津市
rownum,storeName,addressDetail,pro,provinceName,cityName
1,广州,广州路104号,礼品卡,江苏省,南京市
2,购书中心,天河路123号广州购书中心负一层,礼品卡,广东省,广州市
3,南站二,广州南站二店肯德基,礼品卡,广东省,广州市
4,大学城,小谷围广州大学城广州大学生活区商业中心首层A1028及二层A2009,礼品卡,广东省,广州市
5,车站,环西路159号广州火车站内首层候车室大厅右侧,礼品卡,广东省,广州市
6,佳润,广州大道北1419号佳润广场首层,礼品卡,广东省,广州市
7,太阳城,广州大道北嘉裕太阳城广场2-59号铺首层和二层,礼品卡,广东省,广州市
8,南站三,广州南站一楼到达层餐厅,礼品卡,广东省,广州市
9,万达广场,云城东路509号广州白云万达商业广场101铺,礼品卡,广东省,广州市
10,广州南站肯德基,广州南站肯德基一店,礼品卡,广东省,广州市
