businessLicenseNumber,businessPerson,certStr,cityCode,countyCode,creatUser,createTime,endTime,epsAddress,epsName,epsProductAddress,id,isimport,legalPerson,offDate,offReason,parentid,preid,processid,productSn,provinceCode,qfDate,qfManagerName,qualityPerson,rcManagerDepartName,rcManagerUser,startTime,warehouseAddress,xkCompleteDate,xkDate,xkDateStr,xkName,xkProject,xkRemark,xkType
913601233091711150,徐正生,一般液态单元（护发清洁类、护肤水类）；膏霜乳液单元（护发类、护肤清洁类）；粉单元（浴盐类）；蜡基单元（蜡基类）,,,,,,江西省南昌市安义县工业园区前进东路55号,江西艾丽斯日化有限公司,江西省南昌市安义县工业园区前进东路55号,,N,徐军,,,,,20210610081010202gf55e,赣妆20160006,,,江西省食品药品监督管理局,熊钢平,***,***,,,,2026-12-04,2021-12-04,吴腮忠,,,202
913501817438330031,林宗民,一般液态单元（护肤水类）；膏霜乳液单元（护肤清洁类）；粉单元（块状粉类、散粉类）；蜡基单元（蜡基类）,,,,,,福清市阳下乡洪宽工业村,福清佳宁化妆品有限公司,福清市阳下乡洪宽工业村,,N,陈东亮,,,,,20210715145751202ockw2,闽妆20160013,,,福建省药品监督管理局,江道清,福清市市场监督管理局,谢建明；付大鹏,,,,2026-09-25,2021-09-25,俞开海,,,202
91211000MA0QD3069Y,衣选成,一般液态单元（啫喱类、护发清洁类、护肤水类、染烫发类）；膏霜乳液单元（护发类、护肤清洁类、染烫发类）,,,,,,辽宁省辽阳市振兴路144-3号,中德国集（辽宁）化妆品有限公司,辽阳市振兴路144-3号,,N,衣选成,,,,,20210719101302202a34jq,辽妆20160017,,,辽宁省食品药品监督管理局,衣选成,辽阳市食品药品监督管理局,关灵杰、卜书、陈曦,,,,2026-09-25,2021-09-25,潘勇,,,202
91350603337526374N,黄永金,一般液态单元（护发清洁类、护肤水类）；膏霜乳液单元（护发类、护肤清洁类）；蜡基单元（蜡基类）,,,,,,福建省漳州市迎宾大道231号坤旺科技工业大楼（蓝田工业开发区横一路南）二楼,漳州怡嘉化妆品有限公司,福建省漳州市迎宾大道231号坤旺科技工业大楼（蓝田工业开发区横一路南）二楼,,N,黄永金,,,,,202106291435422024n9zk,闽妆20160007,,,福建省药品监督管理局,罗发松,漳州市龙文区市场监督管理局蓝田市场监管所,吴少舟；许志宏,,,,2026-09-08,2021-09-08,俞开海,,,202
91330100MA2KF4C83G,范凌志,一般液态单元；膏霜乳液单元（具体产品类别见副本）***,,,,,,浙江省杭州市江干区浙江省杭州市钱塘新区白杨街道17号大街161号8幢二楼,德攀生物科技（杭州）有限公司,浙江省杭州市钱塘区白杨街道17号大街161号8幢2楼***,,Y,郭威,,,,,,浙妆20210040,,,浙江省药品监督管理局,郭威,无,无,,,,2026-09-01,2021-09-02,无,,,201
9144011132760325X3,黄卢云,一般液态单元（护发清洁类、护肤水类、啫喱类）；膏霜乳液单元（护肤清洁类、护发类）,,,,,,广州市白云区钟落潭镇小罗永宁路67号3栋301室,广州北美实业有限公司,广州市白云区小罗永宁路67号2栋301室3栋301室,,Y,秦少俊,,,,,,粤妆20210250,,,广东省药品监督管理局,丁伟伟,/,/,,,,2026-09-01,2021-09-02,苏盛锋,,无,201
91440101MA9XT6C128,韩鹏,粉单元（染发类、浴盐类）；蜡基单元（蜡基类）,,,,,,广州市花都区大布路9号2栋2201,广东乙丙生物科技有限公司,广州市花都区大布路9号2栋204、301、302、303、304,,Y,宋名良,,,,,,粤妆20210249,,,广东省药品监督管理局,何明振,/,/,,,,2026-09-01,2021-09-02,苏盛锋,,无,201
91440514MA51C5241A,周少伟,一般液态单元（护发清洁类、护肤水类、啫喱类）；膏霜乳液单元（护肤清洁类、护发类）；粉单元（散粉类、块状粉类）；气雾剂及有机溶剂单元（气雾剂类）；蜡基单元（蜡基类）,,,,,,广东省汕头市潮南区胪岗镇泗和村埔尾东洋路段,广东莱桂健康科技有限公司,广东省汕头市潮南区胪岗镇泗和村埔尾东洋路段,,Y,周丹琪,,,,,,粤妆20210248,,,广东省药品监督管理局,沈海星,汕头市潮南区市场监督管理局,由日常监督管理机构指定（Y）,,,,2026-09-01,2021-09-02,苏盛锋,,无,201
914413007545303153,廖美芳,一般液态单元（护发清洁类、护肤水类）,,,,,,惠州仲恺高新区陈江街道东升村明荃厂房A栋第五层,惠州市明荃化妆品有限公司,惠州仲恺高新区陈江街道东升村明荃厂房A栋第五层,,Y,廖宏溉,,,,,,粤妆20210247,,,广东省药品监督管理局,廖宏飞,///,///,,,,2026-09-01,2021-09-02,苏盛锋,,无,206
91440101MA5ANM7C3X,黄凤碧,一般液态单元（护发清洁类、护肤水类、啫喱类）；膏霜乳液单元（护肤清洁类、护发类）,,,,,,广州市白云区竹料雄伟村博罗路1号三楼,广州御景源生物科技有限公司,广州市白云区竹料雄伟村博罗路1号三楼、四楼,,Y,何彩兰,,,,,,粤妆20180182,,,广东省药品监督管理局,辛华北,白云区局钟落潭食品药品监督管理所,谢庆行、梁嘉伦,,,,2023-08-13,2021-09-02,苏盛锋,,无,206
91440111088095365L,张兴军,一般液态单元（护发清洁类、护肤水类、啫喱类）；膏霜乳液单元（护肤清洁类、护发类）,,,,,,广州市白云区大源街米龙来龙街23号,广州市锦绣化妆品有限公司,广州市白云区大源街米龙来龙街23号A栋一层、二层、三层,,Y,张兴军,,,,,,粤妆20161296,,,广东省药品监督管理局,张秋飞,白云区局太和市场监管所,监管机构指定人员,,,,2025-12-21,2021-09-02,苏盛锋,,无,206
91440514617567111B,林裕廷,一般液态单元（护发清洁类、护肤水类、啫喱类）；膏霜乳液单元（护肤清洁类、护发类）,,,,,,汕头市潮南区司马浦仙港工业区,广东森绅实业有限公司,汕头市潮南区司马浦仙港工业区1号,,Y,林裕荣,,,,,,粤妆20161280,,,广东省药品监督管理局,林晓雯,汕头市潮南区市场监督管理局,由日常监督管理机构指定（Y）,,,,2026-09-01,2021-09-02,苏盛锋,,无,206
91440111766105471T,陈汉程,一般液态单元（护发清洁类、护肤水类、染烫发类、啫喱类）；膏霜乳液单元（护肤清洁类、护发类、染烫发类）,,,,,,广州市白云区均禾街罗岗村第五经济合作社工业区自编1号,广州市明澄雅日用化工有限公司,广州市白云区均禾街罗岗村第五经济合作社工业区自编1号,,Y,陈相策,,,,,,粤妆20161060,,,广东省药品监督管理局,周小颦,白云区局均禾食品药品监督管理所,老超华、黄志成,,,,2026-07-05,2021-09-02,苏盛锋,,无,206
91440500193081854D,陈莉雯,一般液态单元（护发清洁类、护肤水类、啫喱类）；膏霜乳液单元（护肤清洁类、护发类）,,,,,,汕头市金园工业区揭阳路11片区2F、3F,汕头市金龙日化实业有限公司,汕头市金园工业区揭阳路11片区1F、2F、3F,,Y,陈莉雯,,,,,,粤妆20160966,,,广东省药品监督管理局,林辉璇,汕头市金平区市场监督管理局,由日常监督管理机构指定（Y),,,,2026-09-01,2021-09-02,苏盛锋,,无,206
91440111347455581L,方丽璇,一般液态单元（护发清洁类、护肤水类、啫喱类）；膏霜乳液单元（护肤清洁类、护发类）；粉单元（散粉类、块状粉类）；蜡基单元（蜡基类）,,,,,,广州市白云区均禾街七星岗环岗一路21号,广州蓓科化妆品有限公司,广州市白云区均禾街七星岗环岗一路21号,,Y,周轩,,,,,,粤妆20160870,,,广东省药品监督管理局,覃秋娟,白云区局均禾食品药品监督管理所,老超华、黄志成,,,,2026-05-27,2021-09-02,苏盛锋,,无,206
91440515730485070R,林桂莹,一般液态单元（护发清洁类、护肤水类、啫喱类）；膏霜乳液单元（护肤清洁类、护发类）；粉单元（散粉类、块状粉类、浴盐类）；气雾剂及有机溶剂单元（有机溶剂类）；蜡基单元（蜡基类）,,,,,,汕头市澄海区凤翔外埔庵头,汕头市澄海区金泳乐化妆品有限公司,汕头市澄海区凤翔外埔庵头,,Y,林桂莹,,,,,,粤妆20160582,,,广东省药品监督管理局,王镇伟,汕头市澄海区市场监督管理局,由日常监督管理机构指定（Y）,,,,2023-08-14,2021-09-02,苏盛锋,,无,206
91330782MA2DBN54XG,张慧君,蜡基单元（具体产品类别见副本）***,,,,,,浙江省金华市义乌市浙江省义乌市义亭镇甘霖路22号5楼（自主申报）,浙江蒂康化妆品有限公司,浙江省金华市义乌市义亭镇甘霖路22号5楼***,,Y,张慧君,,,,,,浙妆20210039,,,浙江省药品监督管理局,朱安民,无,无,,,,2026-08-31,2021-09-01,无,,,201
915300005971210820,饶慧,一般液态单元（啫喱类、护发清洁类、护肤水类）；膏霜乳液单元（护发类、护肤清洁类）,,,,,,中国（云南）自由贸易试验区昆明片区经开区洛羊街道办事处林溪路182号,婕珞芙（云南）化妆品有限责任公司,中国（云南）自由贸易试验区昆明片区经开区洛羊街道办事处林溪路182号,,N,饶慧,,,,,20210830092541206d1sz4,云妆20160006,,,云南省食品药品监督管理局,吴睿,云南省药品监督管理局,吴羽 宋绍华,,,,2026-07-06,2021-09-01,,,,206
91441900075125633U,梁琰文,粉单元（散粉类、块状粉类）；蜡基单元（蜡基类）,,,,,,东莞市企石镇铁炉坑村慧丰工业园2号厂房及3号厂房一层,东莞市丽馨化妆品有限公司,东莞市企石镇铁炉坑村慧丰工业园2号厂房及3号厂房一层,,Y,梁琰文,,,,,,粤妆20210246,,,广东省药品监督管理局,林娟,东莞市市场监督管理局,李海燕、黄发德、钟进先,,,,2026-08-31,2021-09-01,苏盛锋,,无,206
91441900MA4UJKHLXY,赵格娃,一般液态单元（护发清洁类、护肤水类、啫喱类）；膏霜乳液单元（护肤清洁类、护发类）,,,,,,东莞市麻涌镇漳澎村新沙工业园,东莞市金贝肤化妆品有限公司,东莞市麻涌镇漳澎村新沙工业园,,Y,赵格娃,,,,,,粤妆20210245,,,广东省药品监督管理局,杨光杰,东莞市市场监督管理局,李海燕、黄发德、钟进先,,,,2026-08-31,2021-09-01,苏盛锋,,无,206
91440111669969243R,彭石斌,一般液态单元（护发清洁类、护肤水类、啫喱类）；膏霜乳液单元（护肤清洁类、护发类）,,,,,,广州市白云区钟落潭镇金盆金埔路4号（自主申报）,广州市瑞娜丝生物科技有限公司,广州市白云区钟落潭镇金盆金埔路4号（自主申报）,,Y,彭石斌,,,,,,粤妆20210244,,,广东省药品监督管理局,冯海芳,/,/,,,,2026-08-31,2021-09-01,苏盛锋,,无,206
91440101MA9XTH0M8T,樊天恩,一般液态单元（护发清洁类、护肤水类、啫喱类）；膏霜乳液单元（护肤清洁类、护发类）,,,,,,广州市白云区龙归街南岭西路72号3栋3楼301,广州美济生物医药科技有限公司,广州市白云区龙归街南岭西路72号3栋3楼301,,Y,樊天恩,,,,,,粤妆20210243,,,广东省药品监督管理局,关彩云,/,/,,,,2026-08-31,2021-09-01,苏盛锋,,无,201
91440101MA5CYTF82B,周启红,一般液态单元（护发清洁类、护肤水类、啫喱类）；膏霜乳液单元（护肤清洁类、护发类）；粉单元（散粉类、块状粉类）；蜡基单元（蜡基类）,,,,,,广州市从化区广东从化经济开发区高技术产业园新兴路33号,亿通化妆品（广州）有限公司,广州市从化区广东从化经济开发区高技术产业园新兴路33号E栋4楼,,Y,周启红,,,,,,粤妆20210242,,,广东省药品监督管理局,邓银丽,/,/,,,,2026-08-31,2021-09-01,苏盛锋,,无,201
914401115622849812,马龙,一般液态单元（护发清洁类、护肤水类、啫喱类）；膏霜乳液单元（护肤清洁类、护发类）,,,,,,广州市白云区人和镇岗尾太岗三路149号自编3号,广州佰润化妆品有限公司,广州市白云区人和镇岗尾太岗三路149号自编3号,,Y,李忠武,,,,,,粤妆20170088,,,广东省药品监督管理局,严涛,白云区局人和食品药品监督管理所,郭占恒、黄建新,,,,2026-08-31,2021-09-01,苏盛锋,,无,206
91440111MA59D3425X,阳孝军,一般液态单元（护发清洁类、护肤水类、啫喱类）；膏霜乳液单元（护肤清洁类、护发类）,,,,,,广州市白云区嘉禾街望岗村下田工业区自编15号二楼,广州慕姬雅生物科技有限公司,广州市白云区嘉禾街望岗村下田工业区自编15号二楼,,Y,阳孝军,,,,,,粤妆20161770,,,广东省药品监督管理局,詹振国,白云区局嘉禾食品药品监督管理所,李勇刚、刘成禹,,,,2026-08-31,2021-09-01,苏盛锋,,无,206
91440101321049550G,臧继福,一般液态单元（护发清洁类、护肤水类、啫喱类）；膏霜乳液单元（护肤清洁类、护发类）,,,,,,广州市白云区均禾街清湖村大山路自编38号之二Ｃ栋厂房三楼,广州艺柔生物科技有限公司,广州市白云区均禾街清湖村大山路自编38号之二Ｃ栋厂房三楼,,Y,臧继福,,,,,,粤妆20161499,,,广东省药品监督管理局,杨荣标,白云区局均禾市场监管所,监管机构指定人员,,,,2026-08-31,2021-09-01,苏盛锋,,无,206
91440111797376469H,蔡晓炼,一般液态单元（护发清洁类、护肤水类、啫喱类）；膏霜乳液单元（护肤清洁类、护发类）,,,,,,广州市白云区太和镇南岭村竹仔园工业区自编1号2楼,广州市影星化妆品有限公司,广州市白云区太和镇南岭村竹仔园工业区自编1号2、3、6楼,,Y,蔡汉先,,,,,,粤妆20161406,,,广东省药品监督管理局,陈旭泽,白云区局太和市场监管所,监管机构指定人员,,,,2026-08-31,2021-09-01,苏盛锋,,无,206
91440101596182748N,陈达,一般液态单元（护发清洁类、护肤水类、染烫发类、啫喱类）；膏霜乳液单元（护肤清洁类、护发类、染烫发类）,,,,,,广州市白云区人和镇东华村东景路15号,广州澜蔻化妆品有限公司,广州市白云区人和镇东华村东景路15号,,Y,陈达,,,,,,粤妆20161356,,,广东省药品监督管理局,欧静,白云区局人和食品药品监督管理所,黄绍威、王艳妮,,,,2026-08-31,2021-09-01,苏盛锋,,无,206
91440111687693607L,黄科夫,一般液态单元（护发清洁类、护肤水类、啫喱类）；膏霜乳液单元（护肤清洁类、护发类）,,,,,,广州市白云区太和镇永兴村六社龙兴东路南八横8号,广州市可秀化妆品有限公司,广州市白云区太和镇永兴村六社龙兴东路南八横8号,,Y,王思力,,,,,,粤妆20161340,,,广东省药品监督管理局,李琼芳,白云区局太和食品药品监督管理所,黄礼杰、任卫红,,,,2026-08-31,2021-09-01,苏盛锋,,无,206
91440114673470277B,李元加,一般液态单元（护发清洁类、护肤水类、啫喱类）；膏霜乳液单元（护肤清洁类、护发类）,,,,,,广州市花都区新雅街邦盛一路自编2号B栋二楼（可作厂房使用）,广州市雅氏化妆品有限公司,广州市花都区新雅街邦盛一路自编2号B栋二楼、三楼,,Y,李元加,,,,,,粤妆20161303,,,广东省药品监督管理局,黄慧,花都区局新雅食品药品监管所,危兆志、赵春云,,,,2026-08-31,2021-09-01,苏盛锋,,无,206
91440114072142446M,胡泽祥,一般液态单元（护发清洁类、护肤水类、啫喱类）；膏霜乳液单元（护肤清洁类、护发类）,,,,,,广州市花都区花山镇三东大道铁山河路美东工业园锦华大厦1、2楼北侧,广州市美集化妆品科技有限公司,广州市花都区花山镇三东大道铁山河路美东工业园锦华大厦1、2楼北侧,,Y,胡泽祥,,,,,,粤妆20161231,,,广东省药品监督管理局,王新华,花都区局花山食品药品监管所,曾瑾、何永忠,,,,2026-08-31,2021-09-01,苏盛锋,,无,206
914401116797201343,林桂武,一般液态单元（护发清洁类、护肤水类、啫喱类）；膏霜乳液单元（护肤清洁类、护发类）,,,,,,广州市白云区龙归南村六社11号,广州市欧珀雅化妆品有限公司,广州市白云区龙归南村六社11号,,Y,林桂武,,,,,,粤妆20161218,,,广东省药品监督管理局,刘朝平,白云区局太和食品药品监督管理所,黄礼杰、任卫红,,,,2026-08-31,2021-09-01,苏盛锋,,无,206
91440101304710650E,王声雷,一般液态单元（护发清洁类、护肤水类、啫喱类）；膏霜乳液单元（护肤清洁类、护发类）,,,,,,广州市白云区均禾街清湖村大山工业区盛源工业园B栋之二（可作厂房使用）,广州精粹堂化妆品有限公司,广州市白云区均禾街清湖村大山工业区盛源工业园A栋五楼、B栋二楼、C栋一楼,,Y,王声雷,,,,,,粤妆20161215,,,广东省药品监督管理局,黄友健,白云区局均禾食品药品监督管理所,赖成旭、何文健,,,,2026-08-31,2021-09-01,苏盛锋,,无,206
91441900764915876Q,林家瑜,一般液态单元（护发清洁类、护肤水类、啫喱类）；膏霜乳液单元（护肤清洁类、护发类）；气雾剂及有机溶剂单元（有机溶剂类）,,,,,,广东省东莞市大朗镇洋乌新金路78号,东莞市长欣家化有限公司,广东省东莞市大朗镇洋乌新金路78号,,Y,孙慧,,,,,,粤妆20161138,,,广东省药品监督管理局,刘毅斌,东莞市市场监督管理局,李海燕、黄发德、钟进先,,,,2026-08-31,2021-09-01,苏盛锋,,无,206
91320594MA1R930J69,单小江,一般液态单元（啫喱类、护发清洁类、护肤水类）；膏霜乳液单元（护发类、护肤清洁类）；粉单元（块状粉类、散粉类、浴盐类）；蜡基单元（蜡基类）,,,,,,苏州工业园区同胜路1号,苏州艾妍生物科技有限公司,苏州工业园区同胜路1号,,N,单小江,,,,,20210831072950206zdnxu,苏妆20180013,,,江苏省药品监督管理局,应加灵,江苏省药品监督管理局(苏州分局),江苏省药品监督管理局（苏州分局）负责日常监管的人员,,,,2023-07-18,2021-09-01,钱玲,,,206
91320507628396696F,平强,一般液态单元（啫喱类、护发清洁类、护肤水类）；膏霜乳液单元（护发类、护肤清洁类）；气雾剂及有机溶剂单元（有机溶剂类）,,,,,,苏州市相城区阳澄湖镇湘城湘陆路2号,苏州诗妍生物日化有限公司,苏州市相城区阳澄湖镇湘城湘陆路2号,,N,平生福,,,,,202108270921392069xdoe,苏妆20160185,,,江苏省药品监督管理局,陆文伟,江苏省药品监督管理局（苏州分局）,江苏省药品监督管理局（苏州分局）负责日常监管的人员,,,,2022-09-26,2021-09-01,钱玲,,,206
91320505728014413W,西 幹之,一般液态单元（护发清洁类、染烫发类）；膏霜乳液单元（护发类、染烫发类）,,,,,,江苏省苏州市高新区泰山路18号,朋友化妆品（苏州）有限公司,江苏省苏州市高新区泰山路18号,,N,西 幹之,,,,,20210525151119202wv79b,苏妆20160134,,,江苏省药品监督管理局,菅沼達哉,江苏省药品监督管理局（苏州分局）,江苏省药品监督管理局（苏州分局）负责日常监管的人员,,,,2026-08-31,2021-09-01,:钱玲,,,202
913205097890721907,刘清伟,一般液态单元（啫喱类、护发清洁类、护肤水类）；膏霜乳液单元（护发类、护肤清洁类）,,,,,,苏州市吴江区黎里镇黎里国青路688号,苏州珈华生化有限公司,苏州市吴江区黎里镇黎里国青路688号,,N,刘清伟,,,,,20210825100625206qqooj,苏妆20160078,,,江苏省药品监督管理局,陶善华,江苏省药品监督管理局（苏州分局）,江苏省药品监督管理局（苏州分局）负责日常监管的人员,,,,2026-07-14,2021-09-01,钱玲,,,206
913205055737534809,张宗杰,一般液态单元（啫喱类、护发清洁类、护肤水类）；膏霜乳液单元（护发类、护肤清洁类）；粉单元（块状粉类、散粉类）；蜡基单元（蜡基类）,,,,,,苏州高新区浒墅关镇安杨路198号,苏州绿叶日用品有限公司,苏州高新区浒墅关镇安杨路198号,,N,张宗杰,,,,,20210830124139206e28p4,苏妆20160015,,,江苏省药品监督管理局,丁霞,江苏省药品监督管理局（苏州分局）,江苏省药品监督管理局（苏州分局）负责日常监管的人员,,,,2023-12-10,2021-09-01,钱玲,,,206
91440605MA56DWBMXL,宋成亮,一般液态单元（护发清洁类、护肤水类、啫喱类）；膏霜乳液单元（护肤清洁类、护发类）,,,,,,佛山市南海区里水镇和顺和桂工业园B区顺景大道13号（1号厂房）（住所申报）,广东给颜医药科技有限公司,佛山市南海区里水镇和顺和桂工业园B区顺景大道13号1号厂房1楼、3楼,,Y,安保英,,,,,,粤妆20210252,,,广东省药品监督管理局,曹辉,/,/,,,,2026-08-30,2021-08-31,苏盛锋,,无,201
91440605MA56LUK13U,邱军建,一般液态单元（护发清洁类、护肤水类、啫喱类）；膏霜乳液单元（护肤清洁类、护发类）,,,,,,佛山市南海区狮山镇小塘塘新中路81号永华车业有限公司厂房D栋三C楼（住所申报）,广东桢彩生物科技有限公司,佛山市南海区狮山镇小塘塘新中路81号永华车业有限公司厂房D栋三C楼（住所申报）,,Y,邱军建,,,,,,粤妆20210251,,,广东省药品监督管理局,谭震宇,/,/,,,,2026-08-30,2021-08-31,苏盛锋,,无,201
91441303304053267L,陈梦华,一般液态单元（护发清洁类、护肤水类）；膏霜乳液单元（护肤清洁类、护发类）；粉单元（浴盐类）,,,,,,惠州市惠阳区秋长岭湖环城路口东2号A栋、B栋三层,惠州市御方实业有限公司,惠州市惠阳区秋长岭湖环城路口东2号A栋、B栋三层,,Y,陈梦华,,,,,,粤妆20210205,,,广东省药品监督管理局,罗晓峰,///,///,,,,2026-08-02,2021-08-31,苏盛锋,,无,206
91440605MA55ULNT5X,罗伟,一般液态单元（护发清洁类、护肤水类、染烫发类、啫喱类）；膏霜乳液单元（护肤清洁类、护发类、染烫发类）；粉单元（染发类）,,,,,,佛山市南海区丹灶镇南海国家生态工业示范园捷贝路16号A区第三层厂房,佛山兰蝶生物科技有限公司,佛山市南海区丹灶镇南海国家生态工业示范园捷贝路16号A区第三层、四层厂房,,Y,段国洪,,,,,,粤妆20210178,,,广东省药品监督管理局,李雨飞,/,/,,,,2026-06-30,2021-08-31,苏盛锋,,无,206
91440605564583029J,WANG XIAODONG,一般液态单元（护肤水类）,,,,,,佛山市南海区狮山桃园东路89号南方医疗器械产业园,佛山市优特医疗科技有限公司,佛山市三水区白坭镇汇银路2号,,Y,WANG XIAODONG,,,,,,粤妆20210109,,,广东省药品监督管理局,何贵标,/,/,,,,2026-04-12,2021-08-31,苏盛锋,,无,206
91441900MA534NH36P,袁春勤,一般液态单元（护发清洁类、护肤水类、啫喱类）；膏霜乳液单元（护肤清洁类、护发类）,,,,,,广东省东莞市石排镇沙角金沙东路251号302房,广东凯优立生物科技有限公司,广东省东莞市石排镇沙角金沙东路251号302房,,Y,袁春勤,,,,,,粤妆20190147,,,广东省药品监督管理局,周静,东莞市市场监督管理局,李海燕、黄发德、钟进先,,,,2024-08-04,2021-08-31,苏盛锋,,无,206
914403007152564137,许立群,一般液态单元（护发清洁类、护肤水类、啫喱类）；膏霜乳液单元（护肤清洁类、护发类）,,,,,,深圳市宝安区宝城二十二区西部大厦A座四楼,深圳市瑞克特化妆品有限公司,深圳市宝安区宝城二十二区西部大厦A座四楼,,Y,许立群,,,,,,粤妆20161511,,,广东省药品监督管理局,侯灵芝,/,/,,,,2026-08-30,2021-08-31,苏盛锋,,无,206
914405076924363302,蔡业宽,一般液态单元（护发清洁类、护肤水类、啫喱类）；膏霜乳液单元（护肤清洁类、护发类）,,,,,,汕头市龙湖区泰山路东侧佳晋体育中心之二,汕头市晟业化妆品有限公司,汕头市龙湖区泰山路东侧佳晋体育中心之二,,Y,蔡业宽,,,,,,粤妆20161270,,,广东省药品监督管理局,翁银琴,汕头市龙湖区市场监督管理局,由日常监督管理机构指定（F),,,,2026-08-30,2021-08-31,苏盛锋,,无,206
91440605MA4UP84M5F,付广义,一般液态单元（护发清洁类、护肤水类、啫喱类）；膏霜乳液单元（护肤清洁类、护发类）,,,,,,佛山市南海区里水镇甘蕉大甘路11号3楼,佛山博纳汇美化妆品有限公司,佛山市南海区里水镇甘蕉大甘路11号3楼,,Y,付国,,,,,,粤妆20161235,,,广东省药品监督管理局,王宁,/,/,,,,2026-08-30,2021-08-31,苏盛锋,,无,206
91440300594320748E,许立群,一般液态单元（护发清洁类、护肤水类、啫喱类）；膏霜乳液单元（护肤清洁类、护发类）；粉单元（散粉类）,,,,,,深圳市宝安区前进二路与西乡大道交汇处宝运达物流中心1号厂房五楼,深圳市诺贝尔日用品有限公司,深圳市宝安区前进二路与西乡大道交汇处宝运达物流中心1号厂房四、五楼,,Y,许立群,,,,,,粤妆20161144,,,广东省药品监督管理局,黄永东,/,/,,,,2026-08-30,2021-08-31,苏盛锋,,无,206
914406076665345193,刘家全,一般液态单元（护发清洁类、护肤水类、啫喱类）；膏霜乳液单元（护肤清洁类、护发类）,,,,,,佛山市三水工业区大塘园46-4号,中万恩（佛山）科技有限公司,佛山市三水工业区大塘园46-4号,,Y,杨军,,,,,,粤妆20161119,,,广东省药品监督管理局,林达宏,/,/,,,,2026-08-30,2021-08-31,苏盛锋,,无,206
91321000742489984H,许晨光,一般液态单元（护发清洁类）；膏霜乳液单元（护发类、护肤清洁类）；牙膏单元（牙膏类）,,,,,,扬州市杭集工业园龙王路168号,扬州信诺日化有限公司,扬州市杭集工业园龙王路168号,,N,许晨光,,,,,20210726090611206sf3hy,苏妆20160173,,,江苏省药品监督管理局,唐春艳,江苏省药品监督管理局（扬州检查分局）,江苏省药品监督管理局（扬州检查分局）负责日常监管的人员,,,,2021-12-22,2021-08-31,胡春风,,,206
91321283066253879H,张吉林,一般液态单元（啫喱类、护发清洁类、护肤水类）；膏霜乳液单元（护发类、护肤清洁类）,,,,,,泰兴市城东高新技术产业园区科创路6号,汉皇印象江苏生物科技股份有限公司,泰兴市城东高新技术产业园区科创路6号,,N,张吉林,,,,,20210827141053206raekk,苏妆20160136,,,江苏省药品监督管理局,李成,泰兴市市场监督管理局,张健友、顾洪斌,,,,2021-11-30,2021-08-31,唐龙础,,,206
91321016MA1MTLHU81,沈海燕,一般液态单元（护发清洁类）；膏霜乳液单元（护发类、护肤清洁类）,,,,,,扬州市杭集镇创业园,扬州市壹加壹软管日化厂,扬州市杭集镇创业园3号,,N,张文斌,,,,,20210828125737206aoas3,苏妆20160105,,,江苏省药品监督管理局,佘上进,江苏省药品监督管理局（扬州检查分局）,江苏省药品监督管理局（扬州检查分局）负责日常监管的人员,,,,2023-09-27,2021-08-31,胡春风,,,206
91441802MA56J25F58,魏赛兵,牙膏单元（牙膏类）,,,,,,清远市清城区石角镇广州（清远）产业转移工业园广拓街7号清远欧博化妆品有限公司3号厂房1楼、2楼,清远欧颂化妆品有限公司,清远市清城区石角镇广州（清远）产业转移工业园广拓街7号清远欧博化妆品有限公司3号厂房1层、4层（401房）、6层、4号厂房1层（101房）,,Y,魏赛兵,,,,,,粤妆20210241,,,广东省药品监督管理局,黄宏光,清远市清城区市场监督管理局,由日常监督管理机构指定,,,,2026-08-29,2021-08-30,苏盛锋,,无,206
91441802MA56L17DX4,朱思明,一般液态单元（护发清洁类、护肤水类、啫喱类）；膏霜乳液单元（护肤清洁类、护发类）,,,,,,清远市清城区石角镇广州（清远）产业转移工业园广拓街7号清远欧博化妆品有限公司1号厂房1楼、2楼、3楼,清远可美化妆品有限公司,清远市清城区石角镇广州（清远）产业转移工业园广拓街7号清远欧博化妆品有限公司1号厂房第一至第四层,,Y,朱思明,,,,,,粤妆20210240,,,广东省药品监督管理局,范剑环,清远市清城区市场监督管理局,由日常监督管理机构指定,,,,2026-08-29,2021-08-30,苏盛锋,,无,201
91441381MA55U5TM2Q,张如刚,粉单元（浴盐类）,,,,,,惠州市惠阳区镇隆井龙村宝强工业园七楼,惠州市臻美生物科技有限公司,惠州市惠阳区镇隆井龙村宝强工业园七楼,,Y,张如刚,,,,,,粤妆20210239,,,广东省药品监督管理局,肖安安,///,///,,,,2026-08-29,2021-08-30,苏盛锋,,无,201
91441900MA55N6HP56,李展辉,一般液态单元（护发清洁类、护肤水类、啫喱类）；膏霜乳液单元（护肤清洁类、护发类）,,,,,,广东省东莞市寮步镇寮步松柏路310号6栋606室,东莞美态生物科技有限公司,广东省东莞市寮步镇寮步松柏路310号6栋606室,,Y,李展辉,,,,,,粤妆20210235,,,广东省药品监督管理局,刘东岳,东莞市市场监督管理局,李海燕、黄发德、钟进先,,,,2026-08-23,2021-08-30,苏盛锋,,无,206
91440101MA5D4D785J,姚俊嘉,一般液态单元（护发清洁类、护肤水类、啫喱类）；膏霜乳液单元（护肤清洁类、护发类）,,,,,,广州市增城区新塘镇太平洋七路22号3栋第四、五楼,奥珀莱健康产业科技（广州）有限公司,广州市增城区新塘镇太平洋七路22号3栋第四、五楼,,Y,姚凯中,,,,,,粤妆20200150,,,广东省药品监督管理局,姚俊嘉,增城区局市场监管所,监管机构指定人员,,,,2025-08-11,2021-08-30,苏盛锋,,无,206
91440111094176225E,龚海蔓,一般液态单元（护发清洁类、护肤水类、啫喱类）；膏霜乳液单元（护肤清洁类、护发类）,,,,,,广州市白云区江高镇神山工业园振华北路178号三楼,广州林厦化妆品有限公司,广州市白云区江高镇神山工业园振华北路178号三楼、四楼,,Y,龚海蔓,,,,,,粤妆20170160,,,广东省药品监督管理局,宋敏,白云区局江高食品药品监督管理所,李开训、吴建贤,,,,2026-08-29,2021-08-30,苏盛锋,,无,206
914401117837615348,胡建军,一般液态单元（护发清洁类、护肤水类、染烫发类、啫喱类）；膏霜乳液单元（护肤清洁类、护发类、染烫发类）,,,,,,广州市白云区钟落潭镇良田金盆村永福路37号,广州市锦致精细化工有限公司,广州市白云区钟落潭镇良田金盆村永福路37号,,Y,胡建军,,,,,,粤妆20170130,,,广东省药品监督管理局,宋杰,白云区局钟落潭市场监管所,监管机构指定人员,,,,2026-08-29,2021-08-30,苏盛锋,,无,206
91440101MA59EJLD2F,张桂斌,一般液态单元（护发清洁类、护肤水类、啫喱类）；膏霜乳液单元（护肤清洁类、护发类）,,,,,,广州市白云区白云湖街大朗第九经济社工业区自编1号一、二楼,广州市倩彦实业有限公司,广州市白云区白云湖街大朗第九经济社工业区自编1号一、二楼,,Y,张桂斌,,,,,,粤妆20170080,,,广东省药品监督管理局,王勇刚,白云区局白云湖食品药品监督管理所,牛学杰、阮家兴,,,,2026-08-29,2021-08-30,苏盛锋,,无,206
91440101058906489U,林泽鑫,一般液态单元（护发清洁类、护肤水类、啫喱类）；膏霜乳液单元（护肤清洁类、护发类）；粉单元（散粉类、块状粉类）；蜡基单元（蜡基类）,,,,,,广州市白云区均禾清湖村马田街自编88号C1栋3、4楼,广州市雅臻化妆品有限公司,广州市白云区均禾清湖村马田街自编88号C1栋3、4楼,,Y,林泽鑫,,,,,,粤妆20161637,,,广东省药品监督管理局,王冲,白云区局均禾食品药品监督管理所,赖成旭、何文健,,,,2022-09-10,2021-08-30,苏盛锋,,无,206
91440111757753346D,杨锡平,一般液态单元（护发清洁类、护肤水类、啫喱类）；膏霜乳液单元（护肤清洁类、护发类）,,,,,,广州市白云区神山工业区,广州市彩琳日用化工有限公司,广州市白云区江高镇振兴北路33号3栋101、201,,Y,杨锡平,,,,,,粤妆20161448,,,广东省药品监督管理局,谢明成,白云区局江高食品药品监督管理所,李开训、吴建贤,,,,2026-08-29,2021-08-30,苏盛锋,,无,206
9144011175940051X5,陈焕杰,一般液态单元（护发清洁类、护肤水类、啫喱类）；膏霜乳液单元（护肤清洁类、护发类）,,,,,,广州市白云区均禾街罗岗村环村北路18号,广州市欧恋娅精细化工有限公司,广州市白云区均禾街罗岗村环村北路18号,,Y,陈焕杰,,,,,,粤妆20161435,,,广东省药品监督管理局,康雄江,白云区局均禾食品药品监督管理所,赖成旭、何文健,,,,2026-08-29,2021-08-30,苏盛锋,,无,206
914401117973915542,陈志柱,一般液态单元（护发清洁类、护肤水类、啫喱类）；膏霜乳液单元（护肤清洁类、护发类）；气雾剂及有机溶剂单元（有机溶剂类）；牙膏单元（牙膏类）,,,,,,广州市白云区太和镇龙归夏良路夏良三社工业区6号,广州歌兰化妆品有限公司,广州市白云区太和镇龙归夏良路夏良三社工业区6号,,Y,陈志柱,,,,,,粤妆20161429,,,广东省药品监督管理局,刘丽华,白云区局太和市场监管所,监管机构指定人员,,,,2026-08-29,2021-08-30,苏盛锋,,无,206
91441900787963002N,方运崧,一般液态单元（护发清洁类、护肤水类、啫喱类）；膏霜乳液单元（护肤清洁类、护发类）；粉单元（散粉类、块状粉类、浴盐类）；蜡基单元（蜡基类）,,,,,,广东省东莞市万江街道杜上北路20号,东莞市润孚化妆品有限公司,广东省东莞市万江街道杜上北路20号,,Y,尹卓辉,,,,,,粤妆20161393,,,广东省药品监督管理局,王永民,东莞市市场监督管理局,李海燕、黄发德、钟进先,,,,2026-08-29,2021-08-30,苏盛锋,,无,206
914401117577654355,刘旭东,一般液态单元（护发清洁类、护肤水类、染烫发类、啫喱类）；膏霜乳液单元（护肤清洁类、护发类、染烫发类）,,,,,,广州市白云区钟落潭镇良田良沙路2021号,广州市白云区莱丹精细化工厂,广州市白云区钟落潭镇良田良沙路2021号,,Y,刘旭东,,,,,,粤妆20161298,,,广东省药品监督管理局,朱永欣,白云区局钟落潭食品药品监督管理所,梁嘉伦、周永伟,,,,2026-08-29,2021-08-30,苏盛锋,,无,206
91440101591548448D,罗友群,一般液态单元（护发清洁类、护肤水类、啫喱类）；膏霜乳液单元（护肤清洁类、护发类）；粉单元（散粉类、块状粉类）；蜡基单元（蜡基类）,,,,,,广州市白云区均禾街罗岗村第三经济合作社环村西路3号,广州市宝蓝化妆品有限公司,广州市白云区均禾街罗岗村第三经济合作社环村西路3号,,Y,罗友群,,,,,,粤妆20161065,,,广东省药品监督管理局,宛亦昊,白云区局均禾市场监管所,监管机构指定人员,,,,2026-08-29,2021-08-30,苏盛锋,,无,206
91440116080374079Q,陈泽浩,一般液态单元（护发清洁类、护肤水类、啫喱类）；膏霜乳液单元（护肤清洁类、护发类）,,,,,,广州经济技术开发区科学城开源大道206号第2层,广东维雅生物科技有限公司,广州经济技术开发区科学城开源大道206号第2层,,Y,孙月恒,,,,,,粤妆20161064,,,广东省药品监督管理局,廖杰焕,开发区市场和质量监督管理局,罗宏彪、刘斌,,,,2021-11-06,2021-08-30,苏盛锋,,无,206
914401115895288434,刘耀进,气雾剂及有机溶剂单元（有机溶剂类）,,,,,,广州市白云区嘉禾街长红双和工业园二路14号一至三层（自主申报）,广州优星化妆品有限公司,广州市白云区嘉禾街长红双和工业园二路14号一至三层（自主申报）,,Y,甄根基,,,,,,粤妆20160909,,,广东省药品监督管理局,伍泳仪,白云区局嘉禾食品药品监督管理所,李勇刚、刘成禹,,,,2026-08-29,2021-08-30,苏盛锋,,无,206
91440101714290492X,邓文博,一般液态单元（护发清洁类、护肤水类、啫喱类）；膏霜乳液单元（护肤清洁类、护发类）；粉单元（散粉类、块状粉类）；蜡基单元（蜡基类）,,,,,,广州市白云区园夏大道西8号之一1至3层,广州尚薇化妆品有限公司,广州市白云区园夏大道西8号之一1至3层,,Y,张培莲,,,,,,粤妆20160673,,,广东省药品监督管理局,陆永案,白云区局太和市场管理所,监管机构指定人员,,,,2026-06-03,2021-08-30,苏盛锋,,无,206
91341171MA2TAM2F7W,张斌,一般液态单元（护发清洁类、护肤水类）；膏霜乳液单元（护发类、护肤清洁类）；蜡基单元（蜡基类）,,,,,,安徽省滁州市中新苏滁高新技术产业开发区中新大道307号,优护优家健康科技（滁州）有限公司,安徽省滁州市中新苏滁高新技术产业开发区中新大道307号,,N,朱明亮,,,,,20210830165606206969x2,皖妆20200008,,,安徽省药品监督管理局,许亚兵,安徽省药品监督管理局,***,,,,2025-12-23,2021-08-30,许红,,,206
9134010077908143XU,罗怀宇,牙膏单元（牙膏类）,,,,,,安徽省合肥市经济技术开发区紫蓬路7号,安徽两面针·芳草日化有限公司,安徽省合肥市经济技术开发区紫蓬路7号,,N,林钻煌,,,,,202108251039132028qi6i,皖妆20160012,,,安徽省药品监督管理局,杨松,安徽省药品监督管理局,***,,,,2026-08-29,2021-08-30,许红,,,202
91321091790891038M,梁文如,一般液态单元（啫喱类、护发清洁类、护肤水类）；膏霜乳液单元（护发类、护肤清洁类）；粉单元（浴盐类）,,,,,,扬州市生态科技新城杭集镇明园路26号,江苏姿泉日化有限公司,扬州市生态科技新城杭集镇明园路26号,,N,梁文如,,,,,2021073116340420260q92,苏妆20160080,,,江苏省药品监督管理局,解玉洁,江苏省药品监督管理局（扬州检查分局）,江苏省药品监督管理局（扬州检查分局）负责日常监管的人员,,,,2026-08-29,2021-08-30,胡春风,,,202
91630122310925949B,阿旺旦代,粉单元（散粉类）,,,,,,青海省西宁市湟中县鲁沙尔镇幸福巷6号,青海环琼藏文化产品开发有限公司,青海省西宁市湟中县鲁沙尔镇幸福巷6号,,N,万德才郎,,,,,202104281917582065dfba,青妆20160001,,,青海省食品药品监督管理局,阿旺换却,西宁市市场监督监督管理局,宋尚瑾、鲍广文,,,,2026-05-09,2021-08-30,,,,206
