[{"rating": ["9.0", "45"], "rank": 41, "cover_url": "https://img9.doubanio.com/view/photo/s_ratio_poster/public/p2561305376.jpg", "is_playable": true, "id": "26752088", "types": ["剧情", "喜剧"], "regions": ["中国大陆"], "title": "我不是药神", "url": "https://movie.douban.com/subject/26752088/", "release_date": "2018-07-05", "actor_count": 32, "vote_count": 1774240, "score": "9.0", "actors": ["徐峥", "王传君", "周一围", "谭卓", "章宇", "杨新鸣", "王佳佳", "王砚辉", "贾晨飞", "龚蓓苾", "宁浩", "李乃文", "岳小军", "苇青", "富冠铭", "巴拉特·巴蒂", "喜利图", "张海艳", "朱耕佑", "张子贤", "邓飞", "任洛敏", "杜子蓝", "刘兴雷", "杜家毅", "宁晓志", "刘頔", "马千壹", "石强", "甘昀宸", "何李宁", "陈翃"], "is_watched": false}, {"rating": ["9.0", "45"], "rank": 42, "cover_url": "https://img2.doubanio.com/view/photo/s_ratio_poster/public/p2363116942.jpg", "is_playable": true, "id": "2129039", "types": ["剧情", "喜剧", "动画", "冒险"], "regions": ["美国"], "title": "飞屋环游记", "url": "https://movie.douban.com/subject/2129039/", "release_date": "2009-08-04", "actor_count": 21, "vote_count": 1125188, "score": "9.0", "actors": ["爱德华·阿斯纳", "克里斯托弗·普卢默", "乔丹·长井", "鲍勃·彼德森", "德尔罗伊·林多", "杰罗姆·兰福特", "约翰·拉岑贝格", "大卫·卡耶", "艾丽·道克特", "杰里米·利里", "米凯·麦高万", "丹尼·曼恩", "唐纳德·富利洛夫", "杰斯·哈梅尔", "乔什·库雷", "彼特·道格特", "布兰达∙查普曼", "泰迪·牛顿", "保罗·伊丁", "托尼·弗希勒", "雪莉·琳恩"], "is_watched": false}, {"rating": ["9.0", "45"], "rank": 43, "cover_url": "https://img2.doubanio.com/view/photo/s_ratio_poster/public/p2561721372.jpg", "is_playable": true, "id": "1299398", "types": ["喜剧", "爱情", "奇幻", "古装"], "regions": ["中国香港", "中国大陆"], "title": "大话西游之月光宝盒", "url": "https://movie.douban.com/subject/1299398/", "release_date": "2014-10-24", "actor_count": 13, "vote_count": 1038001, "score": "9.0", "actors": ["周星驰", "吴孟达", "罗家英", "蓝洁瑛", "莫文蔚", "江约诚", "陆树铭", "刘镇伟", "朱茵", "李健仁", "胡立成", "许敬义", "蔡少芬"], "is_watched": false}, {"rating": ["9.0", "45"], "rank": 44, "cover_url": "https://img9.doubanio.com/view/photo/s_ratio_poster/public/p2189265085.jpg", "is_playable": true, "id": "1293839", "types": ["喜剧", "剧情", "爱情"], "regions": ["美国"], "title": "罗马假日", "url": "https://movie.douban.com/subject/1293839/", "release_date": "1953-08-20", "actor_count": 34, "vote_count": 819667, "score": "9.0", "actors": ["奥黛丽·赫本", "格利高里·派克", "埃迪·艾伯特", "哈特利·鲍尔", "哈考特·威廉姆斯", "玛格丽特·罗林斯", "托里奥·卡米纳提", "保罗·卡利尼", "克劳迪奥·埃尔梅利", "保拉·布鲁布尼", "里佐·弗雷多里佐", "劳拉·索拉里", "Gorella Gori", "Armando Annuale", "毛里齐奥·阿雷纳", "Silvio Bagolini", "Gildo Bocci", "弗兰科·科尔萨罗", "John Cortay", "Vittoria Crispo", "Sidney Gordon", "Luigi Moneta", "Piero Pastore", "米莫·波利", "Carlo Rizzo", "Gianna Segale", "阿梅代奥·特里利", "海伦·塔布斯", "Marco Tulli", "Joop van Hulzen", "Catherine Wyler", "Judy Wyler", "陆建艺", "金毅"], "is_watched": false}, {"rating": ["9.0", "45"], "rank": 45, "cover_url": "https://img1.doubanio.com/view/photo/s_ratio_poster/public/p456703618.jpg", "is_playable": true, "id": "1310177", "types": ["剧情", "喜剧", "动画"], "regions": ["日本"], "title": "东京教父", "url": "https://movie.douban.com/subject/1310177/", "release_date": "2003-11-08", "actor_count": 35, "vote_count": 158515, "score": "9.0", "actors": ["江守彻", "梅垣义明", "冈本绫", "饭塚昭三", "加藤精三", "石丸博也", "槐柳二", "屋良有作", "寺濑今日子", "能登麻美子", "大塚明夫", "小山力也", "宇垣秀成", "小形满", "芝原智矢子", "竹口安芸子", "伊藤和晃", "古田信幸", "汤屋敦子", "堀川仁", "风间勇刀", "最上嗣生", "园部好德", "川濑晶子", "柴田理惠", "犬山犬子", "山寺宏一", "柚木凉香", "进藤尚美", "川原庆久", "麻生智久", "铃森勘司", "金田朋子", "藤原启治", "兴梠里美"], "is_watched": false}, {"rating": ["9.0", "45"], "rank": 46, "cover_url": "https://img2.doubanio.com/view/photo/s_ratio_poster/public/p2119299252.jpg", "is_playable": false, "id": "1293846", "types": ["喜剧", "奇幻"], "regions": ["美国"], "title": "西力传", "url": "https://movie.douban.com/subject/1293846/", "release_date": "1983-07-15", "actor_count": 70, "vote_count": 18668, "score": "9.0", "actors": ["伍迪·艾伦", "米亚·法罗", "帕特里克霍根", "马文恰特诺弗", "保罗·内文斯", "霍华德·厄斯金", "George Hamlin", "Ralph Bell", "理查德·怀廷", "Edward McPhillips", "盖尔·汉森", "迈克尔·杰特", "皮特·麦克罗比", "Sol Lomita", "玛丽·路易丝·威尔逊", "Alice Beardsley", "葆拉·特鲁曼", "Marianne Tatum", "Michael Kell", "约翰·罗斯曼", "Stephanie Farrow", "黛伯拉·拉什", "Stanley Simmonds", "Robert Berger", "雅尼娜·杰克逊", "约翰·多马尼安", "威利霍尔特", "苏珊·桑塔格", "欧文·豪", "索尔·贝娄", "Bricktop", "Bruno Bettelheim", "John Morton Blum", "Ellen Garrison", "Theodore R. Smits", "Kuno Sponholz", "艾德·赫利希", "Dwight Weist", "Gordon Gould", "Wendell Craig", "马克斯·阿曼", "Arthur Anderson", "乔瑟芬·贝克", "迈克尔·布莱文斯", "范妮·布莱斯", "Wilhelm Brückner", "詹姆斯·卡格尼", "阿尔·卡彭", "查理·卓别林", "约翰·卡尔文·柯立芝", "玛丽恩·戴维斯", "朵乐丝·德里奥", "泽普·迪特里希", "乔·狄马乔", "玛丽·杜丝勒", "F·司各特·菲茨杰拉德", "Lou Gehrig", "约瑟夫·戈培尔", "Harold 'Red' Grange", "赫尔曼·戈林", "William Randolph Hearst", "鲁道夫·赫斯", "Bobby Jones", "Elizabeth Kaitan", "罗伯特·莱伊", "查尔斯·A·林德伯格", "卡洛·朗白", "阿道夫·门吉欧", "汤姆·米克斯", "梅·奎斯特尔"], "is_watched": false}, {"rating": ["9.0", "45"], "rank": 47, "cover_url": "https://img1.doubanio.com/view/subject/l/public/s1806727.jpg", "is_playable": false, "id": "1393470", "types": ["动画", "喜剧"], "regions": ["美国", "英国"], "title": "欢乐树的朋友们：第一滴血", "url": "https://movie.douban.com/subject/1393470/", "release_date": "2002-02-18", "actor_count": 4, "vote_count": 7661, "score": "9.0", "actors": ["沃伦·格拉夫", "Liz Stuart", "Rhode Montijo", "凯恩·纳瓦罗"], "is_watched": false}, {"rating": ["9.0", "45"], "rank": 48, "cover_url": "https://img9.doubanio.com/view/photo/s_ratio_poster/public/p764157116.jpg", "is_playable": false, "id": "1793394", "types": ["喜剧", "剧情"], "regions": ["日本"], "title": "木更津猫眼 世界系列", "url": "https://movie.douban.com/subject/1793394/", "release_date": "2006-10-28", "actor_count": 21, "vote_count": 3325, "score": "9.0", "actors": ["冈田准一", "樱井翔", "冈田义德", "佐藤隆太", "塚本高史", "酒井若菜", "阿部隆史", "三宅弘城", "桐谷健太", "森下能幸", "平岩纸", "雷德吉田", "渡边一计", "高田纯次", "小日向文世", "药师丸博子", "田岛大辅", "栗山千明", "山口智充", "古田新太", "森下爱子"], "is_watched": false}, {"rating": ["9.0", "45"], "rank": 49, "cover_url": "https://img3.doubanio.com/view/subject/l/public/s1480000.jpg", "is_playable": false, "id": "1294132", "types": ["喜剧", "动画"], "regions": ["英国"], "title": "阿德曼动画精选：超级无敌掌门狗", "url": "https://movie.douban.com/subject/1294132/", "release_date": "1996-06-14", "actor_count": 0, "vote_count": 3241, "score": "9.0", "actors": [], "is_watched": false}, {"rating": ["9.0", "45"], "rank": 50, "cover_url": "https://img1.doubanio.com/view/subject/l/public/s2752947.jpg", "is_playable": false, "id": "1957937", "types": ["喜剧"], "regions": ["英国"], "title": "小不列颠：现场版", "url": "https://movie.douban.com/subject/1957937/", "release_date": "2006-11-13", "actor_count": 5, "vote_count": 2629, "score": "9.0", "actors": ["大卫·威廉姆斯", "马特·卢卡斯", "汤姆·贝克", "安东尼·海德", "保罗·普特纳"], "is_watched": false}, {"rating": ["9.0", "45"], "rank": 51, "cover_url": "https://img9.doubanio.com/view/photo/s_ratio_poster/public/p2558662745.jpg", "is_playable": false, "id": "2085511", "types": ["喜剧"], "regions": ["日本"], "title": "日本之形", "url": "https://movie.douban.com/subject/2085511/", "release_date": "2007-02-10", "actor_count": 4, "vote_count": 1732, "score": "9.0", "actors": ["齐木茂", "山咲千里", "片桐仁", "小林贤太郎"], "is_watched": false}, {"rating": ["9.0", "45"], "rank": 52, "cover_url": "https://img9.doubanio.com/view/photo/s_ratio_poster/public/p2508660995.jpg", "is_playable": false, "id": "2173593", "types": ["喜剧"], "regions": ["美国"], "title": "克里斯·洛克：无所畏惧", "url": "https://movie.douban.com/subject/2173593/", "release_date": "2004-04-17", "actor_count": 3, "vote_count": 1292, "score": "9.0", "actors": ["克里斯·洛克", "Doug E. Fresh", "托尼·洛克"], "is_watched": false}, {"rating": ["9.0", "45"], "rank": 53, "cover_url": "https://img9.doubanio.com/view/photo/s_ratio_poster/public/p2534897405.jpg", "is_playable": true, "id": "1483626", "types": ["喜剧"], "regions": ["英国", "美国"], "title": "卓别林短片精选", "url": "https://movie.douban.com/subject/1483626/", "release_date": "1959-09-01", "actor_count": 7, "vote_count": 1094, "score": "9.0", "actors": ["查理·卓别林", "艾伯特·奥斯汀", "亨利·伯格曼", "希德·卓别林", "艾德娜·珀薇安丝", "马克·斯旺", "洛亚尔·安德伍德"], "is_watched": false}, {"rating": ["8.9", "45"], "rank": 54, "cover_url": "https://img1.doubanio.com/view/photo/s_ratio_poster/public/p1512562287.jpg", "is_playable": true, "id": "3742360", "types": ["剧情", "喜剧", "动作", "西部"], "regions": ["中国大陆", "中国香港"], "title": "让子弹飞", "url": "https://movie.douban.com/subject/3742360/", "release_date": "2010-12-16", "actor_count": 32, "vote_count": 1387432, "score": "8.9", "actors": ["姜文", "葛优", "周润发", "刘嘉玲", "陈坤", "张默", "姜武", "周韵", "廖凡", "姚橹", "邵兵", "苗圃", "冯小刚", "胡军", "马珂", "白冰", "杜奕衡", "李静", "胡明", "危笑", "杨奇雨", "赵铭", "郭俊立", "绀野千春", "马元", "宣晓鸣", "姜洪齐", "岳红", "吴昔果", "沙瑀", "陈磊", "文祥"], "is_watched": false}, {"rating": ["8.9", "45"], "rank": 55, "cover_url": "https://img2.doubanio.com/view/photo/s_ratio_poster/public/p2549177902.jpg", "is_playable": true, "id": "27060077", "types": ["剧情", "喜剧", "传记", "音乐"], "regions": ["美国", "中国大陆"], "title": "绿皮书", "url": "https://movie.douban.com/subject/27060077/", "release_date": "2019-03-01", "actor_count": 42, "vote_count": 1323478, "score": "8.9", "actors": ["维果·莫腾森", "马赫沙拉·阿里", "琳达·卡德里尼", "塞巴斯蒂安·马尼斯科", "迪米特·D·马里诺夫", "迈克·哈顿", "P·J·伯恩", "乔·柯蒂斯", "玛姬·尼克松", "冯·刘易斯", "乔恩·索特兰", "唐·斯达克", "安东尼·曼加诺", "保罗·斯隆", "珍娜·劳伦索", "肯尼斯·以色列", "伊克博·塞巴", "尼克·瓦莱隆加", "大卫·安", "迈克·切罗内", "杰拉尔丁·辛格", "马丁·巴特斯·布拉德福德", "格拉伦·布莱恩特·班克斯", "汤姆·维图", "夏恩·帕特洛", "丹尼斯·W·霍尔", "吉姆·克洛克", "戴恩·罗兹", "布赖恩·斯特帕尼克", "乔恩·迈克尔·戴维斯", "布莱恩·库瑞", "托尼亚·马尔多纳多", "加文·莱尔·弗雷", "奎恩·达菲", "哈里森·斯通", "比利·布里德", "莱斯利·卡斯泰", "克雷格·迪弗朗西亚", "托尼·查普曼·斯蒂尔", "伊桑·艾哈特", "詹姆斯·W·埃弗莫尔", "Frank Vallelonga"], "is_watched": false}, {"rating": ["8.9", "45"], "rank": 56, "cover_url": "https://img2.doubanio.com/view/photo/s_ratio_poster/public/p2178872593.jpg", "is_playable": true, "id": "11525673", "types": ["剧情", "喜剧", "冒险"], "regions": ["美国", "德国", "英国"], "title": "布达佩斯大饭店", "url": "https://movie.douban.com/subject/11525673/", "release_date": "2014-02-06", "actor_count": 34, "vote_count": 751773, "score": "8.9", "actors": ["拉尔夫·费因斯", "托尼·雷沃罗利", "艾德里安·布洛迪", "威廉·达福", "裘德·洛", "爱德华·诺顿", "西尔莎·罗南", "蒂尔达·斯文顿", "比尔·默瑞", "蕾雅·赛杜", "欧文·威尔逊", "詹森·舒瓦兹曼", "马修·阿马立克", "F·默里·亚伯拉罕", "汤姆·威尔金森", "杰夫·高布伦", "哈威·凯特尔", "鲍勃·巴拉班", "费舍·史蒂芬斯", "华莱士·沃洛达斯基", "杰拉·尼曼", "瓦里丝·阿卢瓦利亚", "戈洛·欧拉", "吴永庆", "丽萨·克鲁泽", "野村训市", "卡尔·马克维斯", "弗洛里安·卢卡斯", "吉塞尔达·沃洛迪", "拉里·派恩", "尼尔·哈夫", "汉勒斯·魏格纳", "加布里埃尔·拉什", "卢卡斯·赫奇斯"], "is_watched": false}, {"rating": ["8.9", "45"], "rank": 57, "cover_url": "https://img2.doubanio.com/view/photo/s_ratio_poster/public/p1910902213.jpg", "is_playable": true, "id": "1291832", "types": ["剧情", "喜剧", "犯罪"], "regions": ["美国"], "title": "低俗小说", "url": "https://movie.douban.com/subject/1291832/", "release_date": "1994-05-12", "actor_count": 24, "vote_count": 699204, "score": "8.9", "actors": ["约翰·特拉沃尔塔", "乌玛·瑟曼", "阿曼达·普拉莫", "蒂姆·罗斯", "塞缪尔·杰克逊", "菲尔·拉马", "布鲁斯·威利斯", "弗兰克·威利", "布尔·斯蒂尔斯", "文·瑞姆斯", "劳拉·拉芙蕾丝", "保罗·考尔德伦", "布罗娜·加拉赫", "罗姗娜·阿奎特", "埃里克·斯托尔兹", "玛丽亚·德·梅黛洛", "昆汀·塔伦蒂诺", "史蒂夫·布西密", "克里斯托弗·沃肯", "哈威·凯特尔", "彼得·格林纳", "安琪拉·琼斯", "阿尼·萨瓦", "Stephen Hibbert"], "is_watched": false}, {"rating": ["8.9", "45"], "rank": 58, "cover_url": "https://img9.doubanio.com/view/photo/s_ratio_poster/public/p1816276065.jpg", "is_playable": false, "id": "10777687", "types": ["剧情", "喜剧", "家庭"], "regions": ["韩国"], "title": "7号房的礼物", "url": "https://movie.douban.com/subject/10777687/", "release_date": "2013-01-23", "actor_count": 22, "vote_count": 459683, "score": "8.9", "actors": ["柳承龙", "朴信惠", "郑镇荣", "金正泰", "吴达洙", "朴元尚", "郑满植", "葛素媛", "吴昌庆", "赵德贤", "全宪泰", "崔录运", "金基天", "李柱灿", "吕茂英", "尹善宇", "韩利进", "卢康民", "郑熙泰", "郑涵妃", "赵在允", "姜睿序"], "is_watched": false}, {"rating": ["8.9", "45"], "rank": 59, "cover_url": "https://img1.doubanio.com/view/photo/s_ratio_poster/public/p1283675359.jpg", "is_playable": true, "id": "1858711", "types": ["喜剧", "动画", "奇幻", "冒险"], "regions": ["美国"], "title": "玩具总动员3", "url": "https://movie.douban.com/subject/1858711/", "release_date": "2010-06-16", "actor_count": 35, "vote_count": 426878, "score": "8.9", "actors": ["汤姆·汉克斯", "蒂姆·艾伦", "琼·库萨克", "尼德·巴蒂", "唐·里克斯", "迈克尔·基顿", "泰迪·牛顿", "伊瑞克·冯·迪滕", "童自荣", "裘蒂·班森", "罗里·艾伦", "巴德·乐凯", "户田惠子", "李·厄米", "贝雅翠丝·米勒", "埃米莉·哈恩", "齐凡克·塔里图格", "理查德·坎德", "约翰·莫里斯", "雪莉·琳恩", "杰克·安杰尔", "乌比·戈德堡", "约翰·拉岑贝格", "杰夫·格尔林", "劳里·梅特卡夫", "提摩西·道尔顿", "邦尼·亨特", "华莱士·肖恩", "李·昂克里奇", "爱丝黛儿·哈里斯", "布莱克·克拉克", "克里斯汀·沙尔", "玻伦·萨特", "唐泽寿明", "古明华"], "is_watched": false}, {"rating": ["8.9", "45"], "rank": 60, "cover_url": "https://img9.doubanio.com/view/photo/s_ratio_poster/public/p488255145.jpg", "is_playable": true, "id": "3072124", "types": ["剧情", "喜剧", "动画"], "regions": ["澳大利亚", "美国"], "title": "玛丽和马克思", "url": "https://movie.douban.com/subject/3072124/", "release_date": "2009-01-15", "actor_count": 13, "vote_count": 374414, "score": "8.9", "actors": ["托妮·科莱特", "菲利普·塞默·霍夫曼", "巴瑞·哈姆弗莱斯", "艾瑞克·巴纳", "贝塔尼·维特莫尔", "蕾妮·盖耶", "伊恩·莫利·梅尔德伦", "朱莉·福塞斯", "约翰·弗劳思", "克里斯托弗·马西", "卡罗琳·莎士比亚-艾伦", "琳恩·史密斯", "迈克尔·延纳"], "is_watched": false}]