businessLicenseNumber,businessPerson,certStr,cityCode,countyCode,creatUser,createTime,endTime,epsAddress,epsName,epsProductAddress,id,isimport,legalPerson,offDate,offReason,parentid,preid,processid,productSn,provinceCode,qfDate,qfManagerName,qualityPerson,rcManagerDepartName,rcManagerUser,startTime,warehouseAddress,xkCompleteDate,xkDate,xkDateStr,xkName,xkProject,xkRemark,xkType
913601233091711150,徐正生,一般液态单元（护发清洁类、护肤水类）；膏霜乳液单元（护发类、护肤清洁类）；粉单元（浴盐类）；蜡基单元（蜡基类）,,,,,,江西省南昌市安义县工业园区前进东路55号,江西艾丽斯日化有限公司,江西省南昌市安义县工业园区前进东路55号,,N,徐军,,,,,20210610081010202gf55e,赣妆20160006,,,江西省食品药品监督管理局,熊钢平,***,***,,,,2026-12-04,2021-12-04,吴腮忠,,,202
913501817438330031,林宗民,一般液态单元（护肤水类）；膏霜乳液单元（护肤清洁类）；粉单元（块状粉类、散粉类）；蜡基单元（蜡基类）,,,,,,福清市阳下乡洪宽工业村,福清佳宁化妆品有限公司,福清市阳下乡洪宽工业村,,N,陈东亮,,,,,20210715145751202ockw2,闽妆20160013,,,福建省药品监督管理局,江道清,福清市市场监督管理局,谢建明；付大鹏,,,,2026-09-25,2021-09-25,俞开海,,,202
91211000MA0QD3069Y,衣选成,一般液态单元（啫喱类、护发清洁类、护肤水类、染烫发类）；膏霜乳液单元（护发类、护肤清洁类、染烫发类）,,,,,,辽宁省辽阳市振兴路144-3号,中德国集（辽宁）化妆品有限公司,辽阳市振兴路144-3号,,N,衣选成,,,,,20210719101302202a34jq,辽妆20160017,,,辽宁省食品药品监督管理局,衣选成,辽阳市食品药品监督管理局,关灵杰、卜书、陈曦,,,,2026-09-25,2021-09-25,潘勇,,,202
91350603337526374N,黄永金,一般液态单元（护发清洁类、护肤水类）；膏霜乳液单元（护发类、护肤清洁类）；蜡基单元（蜡基类）,,,,,,福建省漳州市迎宾大道231号坤旺科技工业大楼（蓝田工业开发区横一路南）二楼,漳州怡嘉化妆品有限公司,福建省漳州市迎宾大道231号坤旺科技工业大楼（蓝田工业开发区横一路南）二楼,,N,黄永金,,,,,202106291435422024n9zk,闽妆20160007,,,福建省药品监督管理局,罗发松,漳州市龙文区市场监督管理局蓝田市场监管所,吴少舟；许志宏,,,,2026-09-08,2021-09-08,俞开海,,,202
91330100MA2KF4C83G,范凌志,一般液态单元；膏霜乳液单元（具体产品类别见副本）***,,,,,,浙江省杭州市江干区浙江省杭州市钱塘新区白杨街道17号大街161号8幢二楼,德攀生物科技（杭州）有限公司,浙江省杭州市钱塘区白杨街道17号大街161号8幢2楼***,,Y,郭威,,,,,,浙妆20210040,,,浙江省药品监督管理局,郭威,无,无,,,,2026-09-01,2021-09-02,无,,,201
9144011132760325X3,黄卢云,一般液态单元（护发清洁类、护肤水类、啫喱类）；膏霜乳液单元（护肤清洁类、护发类）,,,,,,广州市白云区钟落潭镇小罗永宁路67号3栋301室,广州北美实业有限公司,广州市白云区小罗永宁路67号2栋301室3栋301室,,Y,秦少俊,,,,,,粤妆20210250,,,广东省药品监督管理局,丁伟伟,/,/,,,,2026-09-01,2021-09-02,苏盛锋,,无,201
91440101MA9XT6C128,韩鹏,粉单元（染发类、浴盐类）；蜡基单元（蜡基类）,,,,,,广州市花都区大布路9号2栋2201,广东乙丙生物科技有限公司,广州市花都区大布路9号2栋204、301、302、303、304,,Y,宋名良,,,,,,粤妆20210249,,,广东省药品监督管理局,何明振,/,/,,,,2026-09-01,2021-09-02,苏盛锋,,无,201
91440514MA51C5241A,周少伟,一般液态单元（护发清洁类、护肤水类、啫喱类）；膏霜乳液单元（护肤清洁类、护发类）；粉单元（散粉类、块状粉类）；气雾剂及有机溶剂单元（气雾剂类）；蜡基单元（蜡基类）,,,,,,广东省汕头市潮南区胪岗镇泗和村埔尾东洋路段,广东莱桂健康科技有限公司,广东省汕头市潮南区胪岗镇泗和村埔尾东洋路段,,Y,周丹琪,,,,,,粤妆20210248,,,广东省药品监督管理局,沈海星,汕头市潮南区市场监督管理局,由日常监督管理机构指定（Y）,,,,2026-09-01,2021-09-02,苏盛锋,,无,201
914413007545303153,廖美芳,一般液态单元（护发清洁类、护肤水类）,,,,,,惠州仲恺高新区陈江街道东升村明荃厂房A栋第五层,惠州市明荃化妆品有限公司,惠州仲恺高新区陈江街道东升村明荃厂房A栋第五层,,Y,廖宏溉,,,,,,粤妆20210247,,,广东省药品监督管理局,廖宏飞,///,///,,,,2026-09-01,2021-09-02,苏盛锋,,无,206
91440101MA5ANM7C3X,黄凤碧,一般液态单元（护发清洁类、护肤水类、啫喱类）；膏霜乳液单元（护肤清洁类、护发类）,,,,,,广州市白云区竹料雄伟村博罗路1号三楼,广州御景源生物科技有限公司,广州市白云区竹料雄伟村博罗路1号三楼、四楼,,Y,何彩兰,,,,,,粤妆20180182,,,广东省药品监督管理局,辛华北,白云区局钟落潭食品药品监督管理所,谢庆行、梁嘉伦,,,,2023-08-13,2021-09-02,苏盛锋,,无,206
91440111088095365L,张兴军,一般液态单元（护发清洁类、护肤水类、啫喱类）；膏霜乳液单元（护肤清洁类、护发类）,,,,,,广州市白云区大源街米龙来龙街23号,广州市锦绣化妆品有限公司,广州市白云区大源街米龙来龙街23号A栋一层、二层、三层,,Y,张兴军,,,,,,粤妆20161296,,,广东省药品监督管理局,张秋飞,白云区局太和市场监管所,监管机构指定人员,,,,2025-12-21,2021-09-02,苏盛锋,,无,206
91440514617567111B,林裕廷,一般液态单元（护发清洁类、护肤水类、啫喱类）；膏霜乳液单元（护肤清洁类、护发类）,,,,,,汕头市潮南区司马浦仙港工业区,广东森绅实业有限公司,汕头市潮南区司马浦仙港工业区1号,,Y,林裕荣,,,,,,粤妆20161280,,,广东省药品监督管理局,林晓雯,汕头市潮南区市场监督管理局,由日常监督管理机构指定（Y）,,,,2026-09-01,2021-09-02,苏盛锋,,无,206
91440111766105471T,陈汉程,一般液态单元（护发清洁类、护肤水类、染烫发类、啫喱类）；膏霜乳液单元（护肤清洁类、护发类、染烫发类）,,,,,,广州市白云区均禾街罗岗村第五经济合作社工业区自编1号,广州市明澄雅日用化工有限公司,广州市白云区均禾街罗岗村第五经济合作社工业区自编1号,,Y,陈相策,,,,,,粤妆20161060,,,广东省药品监督管理局,周小颦,白云区局均禾食品药品监督管理所,老超华、黄志成,,,,2026-07-05,2021-09-02,苏盛锋,,无,206
91440500193081854D,陈莉雯,一般液态单元（护发清洁类、护肤水类、啫喱类）；膏霜乳液单元（护肤清洁类、护发类）,,,,,,汕头市金园工业区揭阳路11片区2F、3F,汕头市金龙日化实业有限公司,汕头市金园工业区揭阳路11片区1F、2F、3F,,Y,陈莉雯,,,,,,粤妆20160966,,,广东省药品监督管理局,林辉璇,汕头市金平区市场监督管理局,由日常监督管理机构指定（Y),,,,2026-09-01,2021-09-02,苏盛锋,,无,206
91440111347455581L,方丽璇,一般液态单元（护发清洁类、护肤水类、啫喱类）；膏霜乳液单元（护肤清洁类、护发类）；粉单元（散粉类、块状粉类）；蜡基单元（蜡基类）,,,,,,广州市白云区均禾街七星岗环岗一路21号,广州蓓科化妆品有限公司,广州市白云区均禾街七星岗环岗一路21号,,Y,周轩,,,,,,粤妆20160870,,,广东省药品监督管理局,覃秋娟,白云区局均禾食品药品监督管理所,老超华、黄志成,,,,2026-05-27,2021-09-02,苏盛锋,,无,206
