[{"businessLicenseNumber": "913601233091711150", "businessPerson": "徐正生", "certStr": "一般液态单元（护发清洁类、护肤水类）；膏霜乳液单元（护发类、护肤清洁类）；粉单元（浴盐类）；蜡基单元（蜡基类）", "cityCode": "", "countyCode": "", "creatUser": "", "createTime": "", "endTime": "", "epsAddress": "江西省南昌市安义县工业园区前进东路55号", "epsName": "江西艾丽斯日化有限公司", "epsProductAddress": "江西省南昌市安义县工业园区前进东路55号", "id": "", "isimport": "N", "legalPerson": "徐军", "offDate": "", "offReason": "", "parentid": "", "preid": "", "processid": "20210610081010202gf55e", "productSn": "赣妆20160006", "provinceCode": "", "qfDate": "", "qfManagerName": "江西省食品药品监督管理局", "qualityPerson": "熊钢平", "rcManagerDepartName": "***", "rcManagerUser": "***", "startTime": "", "warehouseAddress": "", "xkCompleteDate": null, "xkDate": "2026-12-04", "xkDateStr": "2021-12-04", "xkName": "吴腮忠", "xkProject": "", "xkRemark": "", "xkType": "202"}, {"businessLicenseNumber": "913501817438330031", "businessPerson": "林宗民", "certStr": "一般液态单元（护肤水类）；膏霜乳液单元（护肤清洁类）；粉单元（块状粉类、散粉类）；蜡基单元（蜡基类）", "cityCode": "", "countyCode": "", "creatUser": "", "createTime": "", "endTime": "", "epsAddress": "福清市阳下乡洪宽工业村", "epsName": "福清佳宁化妆品有限公司", "epsProductAddress": "福清市阳下乡洪宽工业村", "id": "", "isimport": "N", "legalPerson": "陈东亮", "offDate": "", "offReason": "", "parentid": "", "preid": "", "processid": "20210715145751202ockw2", "productSn": "闽妆20160013", "provinceCode": "", "qfDate": "", "qfManagerName": "福建省药品监督管理局", "qualityPerson": "江道清", "rcManagerDepartName": "福清市市场监督管理局", "rcManagerUser": "谢建明；付大鹏", "startTime": "", "warehouseAddress": "", "xkCompleteDate": null, "xkDate": "2026-09-25", "xkDateStr": "2021-09-25", "xkName": "俞开海", "xkProject": "", "xkRemark": "", "xkType": "202"}, {"businessLicenseNumber": "91211000MA0QD3069Y", "businessPerson": "衣选成", "certStr": "一般液态单元（啫喱类、护发清洁类、护肤水类、染烫发类）；膏霜乳液单元（护发类、护肤清洁类、染烫发类）", "cityCode": "", "countyCode": "", "creatUser": "", "createTime": "", "endTime": "", "epsAddress": "辽宁省辽阳市振兴路144-3号", "epsName": "中德国集（辽宁）化妆品有限公司", "epsProductAddress": "辽阳市振兴路144-3号", "id": "", "isimport": "N", "legalPerson": "衣选成", "offDate": "", "offReason": "", "parentid": "", "preid": "", "processid": "20210719101302202a34jq", "productSn": "辽妆20160017", "provinceCode": "", "qfDate": "", "qfManagerName": "辽宁省食品药品监督管理局", "qualityPerson": "衣选成", "rcManagerDepartName": "辽阳市食品药品监督管理局", "rcManagerUser": "关灵杰、卜书、陈曦", "startTime": "", "warehouseAddress": "", "xkCompleteDate": null, "xkDate": "2026-09-25", "xkDateStr": "2021-09-25", "xkName": "潘勇", "xkProject": "", "xkRemark": "", "xkType": "202"}, {"businessLicenseNumber": "91350603337526374N", "businessPerson": "黄永金", "certStr": "一般液态单元（护发清洁类、护肤水类）；膏霜乳液单元（护发类、护肤清洁类）；蜡基单元（蜡基类）", "cityCode": "", "countyCode": "", "creatUser": "", "createTime": "", "endTime": "", "epsAddress": "福建省漳州市迎宾大道231号坤旺科技工业大楼（蓝田工业开发区横一路南）二楼", "epsName": "漳州怡嘉化妆品有限公司", "epsProductAddress": "福建省漳州市迎宾大道231号坤旺科技工业大楼（蓝田工业开发区横一路南）二楼", "id": "", "isimport": "N", "legalPerson": "黄永金", "offDate": "", "offReason": "", "parentid": "", "preid": "", "processid": "202106291435422024n9zk", "productSn": "闽妆20160007", "provinceCode": "", "qfDate": "", "qfManagerName": "福建省药品监督管理局", "qualityPerson": "罗发松", "rcManagerDepartName": "漳州市龙文区市场监督管理局蓝田市场监管所", "rcManagerUser": "吴少舟；许志宏", "startTime": "", "warehouseAddress": "", "xkCompleteDate": null, "xkDate": "2026-09-08", "xkDateStr": "2021-09-08", "xkName": "俞开海", "xkProject": "", "xkRemark": "", "xkType": "202"}, {"businessLicenseNumber": "91330100MA2KF4C83G", "businessPerson": "范凌志", "certStr": "一般液态单元；膏霜乳液单元（具体产品类别见副本）***", "cityCode": "", "countyCode": "", "creatUser": "", "createTime": "", "endTime": "", "epsAddress": "浙江省杭州市江干区浙江省杭州市钱塘新区白杨街道17号大街161号8幢二楼", "epsName": "德攀生物科技（杭州）有限公司", "epsProductAddress": "浙江省杭州市钱塘区白杨街道17号大街161号8幢2楼***", "id": "", "isimport": "Y", "legalPerson": "郭威", "offDate": "", "offReason": "", "parentid": "", "preid": "", "processid": "", "productSn": "浙妆20210040", "provinceCode": "", "qfDate": "", "qfManagerName": "浙江省药品监督管理局", "qualityPerson": "郭威", "rcManagerDepartName": "无", "rcManagerUser": "无", "startTime": "", "warehouseAddress": "", "xkCompleteDate": null, "xkDate": "2026-09-01", "xkDateStr": "2021-09-02", "xkName": "无", "xkProject": "", "xkRemark": "", "xkType": "201"}, {"businessLicenseNumber": "9144011132760325X3", "businessPerson": "黄卢云", "certStr": "一般液态单元（护发清洁类、护肤水类、啫喱类）；膏霜乳液单元（护肤清洁类、护发类）", "cityCode": "", "countyCode": "", "creatUser": "", "createTime": "", "endTime": "", "epsAddress": "广州市白云区钟落潭镇小罗永宁路67号3栋301室", "epsName": "广州北美实业有限公司", "epsProductAddress": "广州市白云区小罗永宁路67号2栋301室3栋301室", "id": "", "isimport": "Y", "legalPerson": "秦少俊", "offDate": "", "offReason": "", "parentid": "", "preid": "", "processid": "", "productSn": "粤妆20210250", "provinceCode": "", "qfDate": "", "qfManagerName": "广东省药品监督管理局", "qualityPerson": "丁伟伟", "rcManagerDepartName": "/", "rcManagerUser": "/", "startTime": "", "warehouseAddress": "", "xkCompleteDate": null, "xkDate": "2026-09-01", "xkDateStr": "2021-09-02", "xkName": "苏盛锋", "xkProject": "", "xkRemark": "无", "xkType": "201"}, {"businessLicenseNumber": "91440101MA9XT6C128", "businessPerson": "韩鹏", "certStr": "粉单元（染发类、浴盐类）；蜡基单元（蜡基类）", "cityCode": "", "countyCode": "", "creatUser": "", "createTime": "", "endTime": "", "epsAddress": "广州市花都区大布路9号2栋2201", "epsName": "广东乙丙生物科技有限公司", "epsProductAddress": "广州市花都区大布路9号2栋204、301、302、303、304", "id": "", "isimport": "Y", "legalPerson": "宋名良", "offDate": "", "offReason": "", "parentid": "", "preid": "", "processid": "", "productSn": "粤妆20210249", "provinceCode": "", "qfDate": "", "qfManagerName": "广东省药品监督管理局", "qualityPerson": "何明振", "rcManagerDepartName": "/", "rcManagerUser": "/", "startTime": "", "warehouseAddress": "", "xkCompleteDate": null, "xkDate": "2026-09-01", "xkDateStr": "2021-09-02", "xkName": "苏盛锋", "xkProject": "", "xkRemark": "无", "xkType": "201"}, {"businessLicenseNumber": "91440514MA51C5241A", "businessPerson": "周少伟", "certStr": "一般液态单元（护发清洁类、护肤水类、啫喱类）；膏霜乳液单元（护肤清洁类、护发类）；粉单元（散粉类、块状粉类）；气雾剂及有机溶剂单元（气雾剂类）；蜡基单元（蜡基类）", "cityCode": "", "countyCode": "", "creatUser": "", "createTime": "", "endTime": "", "epsAddress": "广东省汕头市潮南区胪岗镇泗和村埔尾东洋路段", "epsName": "广东莱桂健康科技有限公司", "epsProductAddress": "广东省汕头市潮南区胪岗镇泗和村埔尾东洋路段", "id": "", "isimport": "Y", "legalPerson": "周丹琪", "offDate": "", "offReason": "", "parentid": "", "preid": "", "processid": "", "productSn": "粤妆20210248", "provinceCode": "", "qfDate": "", "qfManagerName": "广东省药品监督管理局", "qualityPerson": "沈海星", "rcManagerDepartName": "汕头市潮南区市场监督管理局", "rcManagerUser": "由日常监督管理机构指定（Y）", "startTime": "", "warehouseAddress": "", "xkCompleteDate": null, "xkDate": "2026-09-01", "xkDateStr": "2021-09-02", "xkName": "苏盛锋", "xkProject": "", "xkRemark": "无", "xkType": "201"}, {"businessLicenseNumber": "914413007545303153", "businessPerson": "廖美芳", "certStr": "一般液态单元（护发清洁类、护肤水类）", "cityCode": "", "countyCode": "", "creatUser": "", "createTime": "", "endTime": "", "epsAddress": "惠州仲恺高新区陈江街道东升村明荃厂房A栋第五层", "epsName": "惠州市明荃化妆品有限公司", "epsProductAddress": "惠州仲恺高新区陈江街道东升村明荃厂房A栋第五层", "id": "", "isimport": "Y", "legalPerson": "廖宏溉", "offDate": "", "offReason": "", "parentid": "", "preid": "", "processid": "", "productSn": "粤妆20210247", "provinceCode": "", "qfDate": "", "qfManagerName": "广东省药品监督管理局", "qualityPerson": "廖宏飞", "rcManagerDepartName": "///", "rcManagerUser": "///", "startTime": "", "warehouseAddress": "", "xkCompleteDate": null, "xkDate": "2026-09-01", "xkDateStr": "2021-09-02", "xkName": "苏盛锋", "xkProject": "", "xkRemark": "无", "xkType": "206"}, {"businessLicenseNumber": "91440101MA5ANM7C3X", "businessPerson": "黄凤碧", "certStr": "一般液态单元（护发清洁类、护肤水类、啫喱类）；膏霜乳液单元（护肤清洁类、护发类）", "cityCode": "", "countyCode": "", "creatUser": "", "createTime": "", "endTime": "", "epsAddress": "广州市白云区竹料雄伟村博罗路1号三楼", "epsName": "广州御景源生物科技有限公司", "epsProductAddress": "广州市白云区竹料雄伟村博罗路1号三楼、四楼", "id": "", "isimport": "Y", "legalPerson": "何彩兰", "offDate": "", "offReason": "", "parentid": "", "preid": "", "processid": "", "productSn": "粤妆20180182", "provinceCode": "", "qfDate": "", "qfManagerName": "广东省药品监督管理局", "qualityPerson": "辛华北", "rcManagerDepartName": "白云区局钟落潭食品药品监督管理所", "rcManagerUser": "谢庆行、梁嘉伦", "startTime": "", "warehouseAddress": "", "xkCompleteDate": null, "xkDate": "2023-08-13", "xkDateStr": "2021-09-02", "xkName": "苏盛锋", "xkProject": "", "xkRemark": "无", "xkType": "206"}, {"businessLicenseNumber": "91440111088095365L", "businessPerson": "张兴军", "certStr": "一般液态单元（护发清洁类、护肤水类、啫喱类）；膏霜乳液单元（护肤清洁类、护发类）", "cityCode": "", "countyCode": "", "creatUser": "", "createTime": "", "endTime": "", "epsAddress": "广州市白云区大源街米龙来龙街23号", "epsName": "广州市锦绣化妆品有限公司", "epsProductAddress": "广州市白云区大源街米龙来龙街23号A栋一层、二层、三层", "id": "", "isimport": "Y", "legalPerson": "张兴军", "offDate": "", "offReason": "", "parentid": "", "preid": "", "processid": "", "productSn": "粤妆20161296", "provinceCode": "", "qfDate": "", "qfManagerName": "广东省药品监督管理局", "qualityPerson": "张秋飞", "rcManagerDepartName": "白云区局太和市场监管所", "rcManagerUser": "监管机构指定人员", "startTime": "", "warehouseAddress": "", "xkCompleteDate": null, "xkDate": "2025-12-21", "xkDateStr": "2021-09-02", "xkName": "苏盛锋", "xkProject": "", "xkRemark": "无", "xkType": "206"}, {"businessLicenseNumber": "91440514617567111B", "businessPerson": "林裕廷", "certStr": "一般液态单元（护发清洁类、护肤水类、啫喱类）；膏霜乳液单元（护肤清洁类、护发类）", "cityCode": "", "countyCode": "", "creatUser": "", "createTime": "", "endTime": "", "epsAddress": "汕头市潮南区司马浦仙港工业区", "epsName": "广东森绅实业有限公司", "epsProductAddress": "汕头市潮南区司马浦仙港工业区1号", "id": "", "isimport": "Y", "legalPerson": "林裕荣", "offDate": "", "offReason": "", "parentid": "", "preid": "", "processid": "", "productSn": "粤妆20161280", "provinceCode": "", "qfDate": "", "qfManagerName": "广东省药品监督管理局", "qualityPerson": "林晓雯", "rcManagerDepartName": "汕头市潮南区市场监督管理局", "rcManagerUser": "由日常监督管理机构指定（Y）", "startTime": "", "warehouseAddress": "", "xkCompleteDate": null, "xkDate": "2026-09-01", "xkDateStr": "2021-09-02", "xkName": "苏盛锋", "xkProject": "", "xkRemark": "无", "xkType": "206"}, {"businessLicenseNumber": "91440111766105471T", "businessPerson": "陈汉程", "certStr": "一般液态单元（护发清洁类、护肤水类、染烫发类、啫喱类）；膏霜乳液单元（护肤清洁类、护发类、染烫发类）", "cityCode": "", "countyCode": "", "creatUser": "", "createTime": "", "endTime": "", "epsAddress": "广州市白云区均禾街罗岗村第五经济合作社工业区自编1号", "epsName": "广州市明澄雅日用化工有限公司", "epsProductAddress": "广州市白云区均禾街罗岗村第五经济合作社工业区自编1号", "id": "", "isimport": "Y", "legalPerson": "陈相策", "offDate": "", "offReason": "", "parentid": "", "preid": "", "processid": "", "productSn": "粤妆20161060", "provinceCode": "", "qfDate": "", "qfManagerName": "广东省药品监督管理局", "qualityPerson": "周小颦", "rcManagerDepartName": "白云区局均禾食品药品监督管理所", "rcManagerUser": "老超华、黄志成", "startTime": "", "warehouseAddress": "", "xkCompleteDate": null, "xkDate": "2026-07-05", "xkDateStr": "2021-09-02", "xkName": "苏盛锋", "xkProject": "", "xkRemark": "无", "xkType": "206"}, {"businessLicenseNumber": "91440500193081854D", "businessPerson": "陈莉雯", "certStr": "一般液态单元（护发清洁类、护肤水类、啫喱类）；膏霜乳液单元（护肤清洁类、护发类）", "cityCode": "", "countyCode": "", "creatUser": "", "createTime": "", "endTime": "", "epsAddress": "汕头市金园工业区揭阳路11片区2F、3F", "epsName": "汕头市金龙日化实业有限公司", "epsProductAddress": "汕头市金园工业区揭阳路11片区1F、2F、3F", "id": "", "isimport": "Y", "legalPerson": "陈莉雯", "offDate": "", "offReason": "", "parentid": "", "preid": "", "processid": "", "productSn": "粤妆20160966", "provinceCode": "", "qfDate": "", "qfManagerName": "广东省药品监督管理局", "qualityPerson": "林辉璇", "rcManagerDepartName": "汕头市金平区市场监督管理局", "rcManagerUser": "由日常监督管理机构指定（Y)", "startTime": "", "warehouseAddress": "", "xkCompleteDate": null, "xkDate": "2026-09-01", "xkDateStr": "2021-09-02", "xkName": "苏盛锋", "xkProject": "", "xkRemark": "无", "xkType": "206"}, {"businessLicenseNumber": "91440111347455581L", "businessPerson": "方丽璇", "certStr": "一般液态单元（护发清洁类、护肤水类、啫喱类）；膏霜乳液单元（护肤清洁类、护发类）；粉单元（散粉类、块状粉类）；蜡基单元（蜡基类）", "cityCode": "", "countyCode": "", "creatUser": "", "createTime": "", "endTime": "", "epsAddress": "广州市白云区均禾街七星岗环岗一路21号", "epsName": "广州蓓科化妆品有限公司", "epsProductAddress": "广州市白云区均禾街七星岗环岗一路21号", "id": "", "isimport": "Y", "legalPerson": "周轩", "offDate": "", "offReason": "", "parentid": "", "preid": "", "processid": "", "productSn": "粤妆20160870", "provinceCode": "", "qfDate": "", "qfManagerName": "广东省药品监督管理局", "qualityPerson": "覃秋娟", "rcManagerDepartName": "白云区局均禾食品药品监督管理所", "rcManagerUser": "老超华、黄志成", "startTime": "", "warehouseAddress": "", "xkCompleteDate": null, "xkDate": "2026-05-27", "xkDateStr": "2021-09-02", "xkName": "苏盛锋", "xkProject": "", "xkRemark": "无", "xkType": "206"}]